trade_row_loc,original_price,moving_avg,trade_price,avg_buy_price,trade_slippage,trade_amount,trade_total,trade_fee,trade_profit,trade_type,trade_hold_penalty,trend_reward,extra_reward,overall_reward ,net_worth,benchmark,total_fees,Balance,crypto_holding,crypto_worth,total_volume_traded,highest_net_worth
24,6324.0,6589.430476,6330.633793081213,6336.970763845058,0.0010489868882374292,1.5780410503160252,10000.0,10.0,0,buy,0,0,0,0,9979.531602198544,0.0,10.0,0.0,1.5780410503160252,9979.531602198544,9990.0,10000
25,6122.24,6587.195179,6122.24,6336.970763845058,0.0017063294907078137,0,0,0,0,hold,0,2,0,2,9661.146039886782,-319.03858317520644,10.0,0.0,1.5780410503160252,9661.146039886782,9990.0,10000
26,6163.99,6585.034405,6163.99,6336.970763845058,0.0010946849973181173,0,0,0,0,hold,0,2,0,4,9727.029253737475,-253.02024035420618,10.0,0.0,1.5780410503160252,9727.029253737475,9990.0,10000
27,6150.0,6582.719524,6150.0,6336.970763845058,0.0016869165802316087,0,0,0,0,hold,0,2,0,6,9704.952459443555,-275.1423149905131,10.0,0.0,1.5780410503160252,9704.952459443555,9990.0,10000
28,6172.27,6580.442857,6172.27,6336.970763845058,0.001694338137826666,0,0,0,0,hold,0,2,0,8,9740.095433634093,-239.92726122707063,10.0,0.0,1.5780410503160252,9740.095433634093,9990.0,10000
29,6144.91,6578.124286,6144.91,6336.970763845058,0.0018216115329030451,0,0,0,0,hold,0,2,0,10,9696.920230497446,-283.1910183428208,10.0,0.0,1.5780410503160252,9696.920230497446,9990.0,10000
30,6212.96,6576.163095,6212.96,6336.970763845058,0.0011248814097141084,0,0,0,0,hold,0,2,0,12,9804.305923971451,-175.5850727387733,10.0,0.0,1.5780410503160252,9804.305923971451,9990.0,10000
31,6192.39,6574.113036,6192.39,6336.970763845058,0.0017968701246310673,0,0,0,0,hold,0,2,0,14,9771.845619566451,-208.11195445920202,10.0,0.0,1.5780410503160252,9771.845619566451,9990.0,10000
32,6061.19,6571.543869,6061.19,6336.970763845058,0.001323104142456548,0,0,0,0,hold,0,2,0,16,9564.806633764987,-415.57558507274007,10.0,0.0,1.5780410503160252,9564.806633764987,9990.0,10000
33,6017.03,6568.841667,6010.4099579006315,0,0.0011002175657040438,1.5780410503160252,9475.188969152614,9.484673642795409,-524.8110308473861,sell,0,2,-0.5,17.5,9475.188969152614,-485.4048070841236,19.484673642795407,9475.188969152614,0.0,0.0,19474.67364279541,10000
34,6071.07,6566.861488,6082.367373937841,6088.4558297676085,0.0018608538425418984,1.5562548590443293,9475.188969152614,9.475188969152613,0,buy,0,0,0,17.5,9448.132187098256,-399.9525616698302,28.95986261194802,0.0,1.5562548590443293,9448.132187098256,28940.38742297887,10000
35,6045.0,6564.814464,6045.0,6088.4558297676085,0.001582851673871483,0,0,0,0,hold,0,2,0,19.5,9407.56062292297,-441.17647058823604,28.95986261194802,0.0,1.5562548590443293,9407.56062292297,28940.38742297887,10000
36,6136.8,6563.264643,6136.8,6088.4558297676085,0.0017739540795423264,0,0,0,0,hold,0,2,0,21.5,9550.42481898324,-296.01518026565464,28.95986261194802,0.0,1.5562548590443293,9550.42481898324,28940.38742297887,10000
37,6138.82,6561.466429,6138.82,6088.4558297676085,0.0018543925827487523,0,0,0,0,hold,0,2,0,23.5,9553.568453798509,-292.82099936749,28.95986261194802,0.0,1.5562548590443293,9553.568453798509,28940.38742297887,10000
38,6119.98,6559.555298,6119.98,6088.4558297676085,0.0015150399734559033,0,0,0,0,hold,0,2,0,25.5,9524.248612254114,-322.61227071473877,28.95986261194802,0.0,1.5562548590443293,9524.248612254114,28940.38742297887,10000
39,6095.42,6557.748155,6095.42,6088.4558297676085,0.0014041463855397592,0,0,0,0,hold,0,2,0,27.5,9486.026992915986,-361.4484503478816,28.95986261194802,0.0,1.5562548590443293,9486.026992915986,28940.38742297887,10000
40,6103.91,6555.842917,6103.91,6088.4558297676085,0.0019472942150575464,0,0,0,0,hold,0,2,0,29.5,9499.239596669271,-348.0234029095518,28.95986261194802,0.0,1.5562548590443293,9499.239596669271,28940.38742297887,10000
41,6066.64,6553.52631,6066.64,6088.4558297676085,0.0016886235888394247,0,0,0,0,hold,0,2,0,31.5,9441.23797807269,-406.9576217583799,28.95986261194802,0.0,1.5562548590443293,9441.23797807269,28940.38742297887,10000
42,6029.01,6550.962619,6029.01,6088.4558297676085,0.0011080802582770265,0,0,0,0,hold,0,2,0,33.5,9382.676107726851,-466.46110056925863,28.95986261194802,0.0,1.5562548590443293,9382.676107726851,28940.38742297887,10000
43,6105.99,6548.869167,6105.99,6088.4558297676085,0.0015628080525978572,0,0,0,0,hold,0,2,0,35.5,9502.476606776083,-344.7343453510439,28.95986261194802,0.0,1.5562548590443293,9502.476606776083,28940.38742297887,10000
44,6075.01,6546.635893,6075.01,6088.4558297676085,0.0015557242355863704,0,0,0,0,hold,0,2,0,37.5,9454.263831242892,-393.72232764073306,28.95986261194802,0.0,1.5562548590443293,9454.263831242892,28940.38742297887,10000
45,6116.8,6544.575179,6116.8,6088.4558297676085,0.0016740050826959088,0,0,0,0,hold,0,2,0,39.5,9519.299721802354,-327.6407337128403,28.95986261194802,0.0,1.5562548590443293,9519.299721802354,28940.38742297887,10000
46,6122.72,6542.529286,6122.72,6088.4558297676085,0.0012562127199437828,0,0,0,0,hold,0,2,0,41.5,9528.512750567896,-318.27956989247286,28.95986261194802,0.0,1.5562548590443293,9528.512750567896,28940.38742297887,10000
47,6126.0,6540.618571,6126.0,6088.4558297676085,0.0015348395105122487,0,0,0,0,hold,0,2,0,43.5,9533.61726650556,-313.09297912713373,28.95986261194802,0.0,1.5562548590443293,9533.61726650556,28940.38742297887,10000
48,6117.57,6538.741012,6117.57,6088.4558297676085,0.00186649375006964,0,0,0,0,hold,0,2,0,45.5,9520.498038043817,-326.42314990512386,28.95986261194802,0.0,1.5562548590443293,9520.498038043817,28940.38742297887,10000
49,6134.73,6537.125238,6134.73,6088.4558297676085,0.001327969290657717,0,0,0,0,hold,0,2,0,47.5,9547.203371425017,-299.28842504743807,28.95986261194802,0.0,1.5562548590443293,9547.203371425017,28940.38742297887,10000
50,6095.96,6535.318036,6095.96,6088.4558297676085,0.0016588113019037787,0,0,0,0,hold,0,2,0,49.5,9486.867370539869,-360.59456040480654,28.95986261194802,0.0,1.5562548590443293,9486.867370539869,28940.38742297887,10000
51,6091.64,6533.726845,6091.64,6088.4558297676085,0.001687667472545474,0,0,0,0,hold,0,2,0,51.5,9480.144349548798,-367.4256799493978,28.95986261194802,0.0,1.5562548590443293,9480.144349548798,28940.38742297887,10000
52,6108.54,6531.313452,6108.54,6088.4558297676085,0.0012183410036576423,0,0,0,0,hold,0,2,0,53.5,9506.445056666647,-340.7020872865269,28.95986261194802,0.0,1.5562548590443293,9506.445056666647,28940.38742297887,10000
53,6130.0,6528.974702,6130.0,6088.4558297676085,0.0010496939225770859,0,0,0,0,hold,0,2,0,55.5,9539.842285941739,-306.76786843769696,28.95986261194802,0.0,1.5562548590443293,9539.842285941739,28940.38742297887,10000
54,6120.0,6526.665179,6120.0,6088.4558297676085,0.0013609986928732384,0,0,0,0,hold,0,2,0,57.5,9524.279737351295,-322.5806451612898,28.95986261194802,0.0,1.5562548590443293,9524.279737351295,28940.38742297887,10000
55,6135.61,6524.566488,6135.61,6088.4558297676085,0.001239113958451447,0,0,0,0,hold,0,2,0,59.5,9548.572875700977,-297.8969006957632,28.95986261194802,0.0,1.5562548590443293,9548.572875700977,28940.38742297887,10000
56,6129.05,6522.267083,6129.05,6088.4558297676085,0.0016253342335786915,0,0,0,0,hold,0,2,0,61.5,9538.363843825646,-308.2700822264378,28.95986261194802,0.0,1.5562548590443293,9538.363843825646,28940.38742297887,10000
57,6212.62,6520.43744,6212.62,6088.4558297676085,0.0013241612998943703,0,0,0,0,hold,0,2,0,63.5,9668.42006239598,-176.12270714737497,28.95986261194802,0.0,1.5562548590443293,9668.42006239598,28940.38742297887,10000
58,6191.26,6518.405238,6191.26,6088.4558297676085,0.0017509115058926908,0,0,0,0,hold,0,2,0,65.5,9635.178458606795,-209.8987982289691,28.95986261194802,0.0,1.5562548590443293,9635.178458606795,28940.38742297887,10000
59,6149.98,6516.417143,6149.98,6088.4558297676085,0.0016563687516570318,0,0,0,0,hold,0,2,0,67.5,9570.936258025444,-275.17394054396027,28.95986261194802,0.0,1.5562548590443293,9570.936258025444,28940.38742297887,10000
60,6114.01,6514.083333,6114.01,6088.4558297676085,0.001986624711419996,0,0,0,0,hold,0,2,0,69.5,9514.95777074562,-332.05249841872137,28.95986261194802,0.0,1.5562548590443293,9514.95777074562,28940.38742297887,10000
61,6082.73,6511.474583,6082.73,6088.4558297676085,0.0015570901383175646,0,0,0,0,hold,0,2,0,71.5,9466.278118754712,-381.5148640101215,28.95986261194802,0.0,1.5562548590443293,9466.278118754712,28940.38742297887,10000
62,6096.97,6508.928571,6096.97,6088.4558297676085,0.0014062623379190588,0,0,0,0,hold,0,2,0,73.5,9488.439187947504,-358.9974699557242,28.95986261194802,0.0,1.5562548590443293,9488.439187947504,28940.38742297887,10000
63,6047.85,6505.999107,6047.85,6088.4558297676085,0.0015914997385972002,0,0,0,0,hold,0,2,0,75.5,9411.995949271248,-436.66982922200987,28.95986261194802,0.0,1.5562548590443293,9411.995949271248,28940.38742297887,10000
64,5877.68,6502.127798,5877.68,6088.4558297676085,0.0016399123948431342,0,0,0,0,hold,0,2,0,77.5,9147.168059907674,-705.755850727388,28.95986261194802,0.0,1.5562548590443293,9147.168059907674,28940.38742297887,10000
65,5865.77,6498.275238,5865.77,6088.4558297676085,0.0019735730018137195,0,0,0,0,hold,0,2,0,79.5,9128.633064536456,-724.5888678051851,28.95986261194802,0.0,1.5562548590443293,9128.633064536456,28940.38742297887,10000
66,5845.95,6494.319167,5845.95,6088.4558297676085,0.0012370330664756457,0,0,0,0,hold,0,2,0,81.5,9097.788093230196,-755.9297912713482,28.95986261194802,0.0,1.5562548590443293,9097.788093230196,28940.38742297887,10000
67,5830.0,6490.165655,5830.0,6088.4558297676085,0.0012852516640519157,0,0,0,0,hold,0,2,0,83.5,9072.96582822844,-781.1511701454783,28.95986261194802,0.0,1.5562548590443293,9072.96582822844,28940.38742297887,10000
68,5828.7,6486.09006,5828.7,6088.4558297676085,0.0019400199807592358,0,0,0,0,hold,0,2,0,85.5,9070.942696911681,-783.2068311195453,28.95986261194802,0.0,1.5562548590443293,9070.942696911681,28940.38742297887,10000
69,5846.28,6482.020417,5846.28,6088.4558297676085,0.0015335179044930335,0,0,0,0,hold,0,2,0,87.5,9098.30165733368,-755.4079696394692,28.95986261194802,0.0,1.5562548590443293,9098.30165733368,28940.38742297887,10000
70,5907.5,6478.381071,5907.5,6088.4558297676085,0.0019458060142454985,0,0,0,0,hold,0,2,0,89.5,9193.575579804376,-658.6021505376339,28.95986261194802,0.0,1.5562548590443293,9193.575579804376,28940.38742297887,10000
71,5904.98,6474.791607,5904.98,6088.4558297676085,0.0011773167445131166,0,0,0,0,hold,0,2,0,91.5,9189.653817559583,-662.586970271981,28.95986261194802,0.0,1.5562548590443293,9189.653817559583,28940.38742297887,10000
72,5894.29,6471.451845,5894.29,6088.4558297676085,0.0015406406104651617,0,0,0,0,hold,0,2,0,93.5,9173.0174531164,-679.4908285894999,28.95986261194802,0.0,1.5562548590443293,9173.0174531164,28940.38742297887,10000
73,5924.74,6468.087202,5924.74,6088.4558297676085,0.0015959807882362752,0,0,0,0,hold,0,2,0,95.5,9220.405413574299,-631.3409234661613,28.95986261194802,0.0,1.5562548590443293,9220.405413574299,28940.38742297887,10000
74,5895.9,6464.640179,5895.9,6088.4558297676085,0.001465671399071206,0,0,0,0,hold,0,2,0,97.5,9175.52302343946,-676.9449715370029,28.95986261194802,0.0,1.5562548590443293,9175.52302343946,28940.38742297887,10000
75,5767.02,6460.178452,5767.02,6088.4558297676085,0.0018913519843596098,0,0,0,0,hold,0,2,0,99.5,8974.952897205829,-880.7400379506635,28.95986261194802,0.0,1.5562548590443293,8974.952897205829,28940.38742297887,10000
76,6190.0,6458.30869,6190.0,6088.4558297676085,0.001240167428765603,0,0,0,0,hold,0,2,0,101.5,9633.217577484398,-211.89120809614178,28.95986261194802,0.0,1.5562548590443293,9633.217577484398,28940.38742297887,10000
77,6179.99,6456.414881,6179.99,6088.4558297676085,0.0010775589808988608,0,0,0,0,hold,0,2,0,103.5,9617.639466345365,-227.71979759645728,28.95986261194802,0.0,1.5562548590443293,9617.639466345365,28940.38742297887,10000
78,6172.9,6454.378571,6172.9,6088.4558297676085,0.0010526192886202794,0,0,0,0,hold,0,2,0,105.5,9606.605619394739,-238.9310562934861,28.95986261194802,0.0,1.5562548590443293,9606.605619394739,28940.38742297887,10000
79,6178.0,6452.320179,6178.0,6088.4558297676085,0.0019788801514558857,0,0,0,0,hold,0,2,0,107.5,9614.542519175866,-230.8665401644521,28.95986261194802,0.0,1.5562548590443293,9614.542519175866,28940.38742297887,10000
80,6182.51,6450.507738,6182.51,6088.4558297676085,0.0010508820639662428,0,0,0,0,hold,0,2,0,109.5,9621.561228590157,-223.73497786211192,28.95986261194802,0.0,1.5562548590443293,9621.561228590157,28940.38742297887,10000
81,6151.01,6448.432798,6151.01,6088.4558297676085,0.0013870679901724751,0,0,0,0,hold,0,2,0,111.5,9572.53920053026,-273.545224541429,28.95986261194802,0.0,1.5562548590443293,9572.53920053026,28940.38742297887,10000
82,6136.79,6446.372024,6136.79,6088.4558297676085,0.0016619178495989868,0,0,0,0,hold,0,2,0,113.5,9550.40925643465,-296.0309930423773,28.95986261194802,0.0,1.5562548590443293,9550.40925643465,28940.38742297887,10000
83,6136.97,6444.511071,6136.97,6088.4558297676085,0.001698786985176352,0,0,0,0,hold,0,2,0,115.5,9550.689382309278,-295.7463630613529,28.95986261194802,0.0,1.5562548590443293,9550.689382309278,28940.38742297887,10000
84,6163.58,6443.145179,6163.58,6088.4558297676085,0.0014752747409509685,0,0,0,0,hold,0,2,0,117.5,9592.101324108447,-253.6685641998738,28.95986261194802,0.0,1.5562548590443293,9592.101324108447,28940.38742297887,10000
85,6133.19,6441.467381,6133.19,6088.4558297676085,0.0014374625527355253,0,0,0,0,hold,0,2,0,119.5,9544.806738942088,-301.72359266287276,28.95986261194802,0.0,1.5562548590443293,9544.806738942088,28940.38742297887,10000
86,6114.4,6439.552738,6114.4,6088.4558297676085,0.001188649475703913,0,0,0,0,hold,0,2,0,121.5,9515.564710140647,-331.4358001265027,28.95986261194802,0.0,1.5562548590443293,9515.564710140647,28940.38742297887,10000
87,6119.9,6437.793214,6119.9,6088.4558297676085,0.0011243853826916077,0,0,0,0,hold,0,2,0,123.5,9524.12411186539,-322.7387729285274,28.95986261194802,0.0,1.5562548590443293,9524.12411186539,28940.38742297887,10000
88,6142.02,6436.224881,6142.02,6088.4558297676085,0.0013737040588838625,0,0,0,0,hold,0,2,0,125.5,9558.548469347452,-287.7609108159377,28.95986261194802,0.0,1.5562548590443293,9558.548469347452,28940.38742297887,10000
89,6152.03,6434.610417,6152.03,6088.4558297676085,0.0016740754638519808,0,0,0,0,hold,0,2,0,127.5,9574.126580486485,-271.932321315624,28.95986261194802,0.0,1.5562548590443293,9574.126580486485,28940.38742297887,10000
90,6165.1,6433.054464,6165.1,6088.4558297676085,0.0017602800876475823,0,0,0,0,hold,0,2,0,129.5,9594.466831494196,-251.26502213788626,28.95986261194802,0.0,1.5562548590443293,9594.466831494196,28940.38742297887,10000
91,6148.32,6431.37125,6148.32,6088.4558297676085,0.0011962312318376724,0,0,0,0,hold,0,2,0,131.5,9568.35287495943,-277.7988614800761,28.95986261194802,0.0,1.5562548590443293,9568.35287495943,28940.38742297887,10000
92,6160.01,6429.567679,6160.01,6088.4558297676085,0.0013202560840095412,0,0,0,0,hold,0,2,0,133.5,9586.54549426166,-259.3137254901958,28.95986261194802,0.0,1.5562548590443293,9586.54549426166,28940.38742297887,10000
93,6162.99,6427.811786,6162.99,6088.4558297676085,0.001510693001242579,0,0,0,0,hold,0,2,0,135.5,9591.18313374161,-254.60151802656583,28.95986261194802,0.0,1.5562548590443293,9591.18313374161,28940.38742297887,10000
94,6182.0,6426.335595,6182.0,6088.4558297676085,0.0015679795824398864,0,0,0,0,hold,0,2,0,137.5,9620.767538612043,-224.54142947501532,28.95986261194802,0.0,1.5562548590443293,9620.767538612043,28940.38742297887,10000
95,6232.82,6425.231786,6232.82,6088.4558297676085,0.0010950036906268916,0,0,0,0,hold,0,2,0,139.5,9699.856410548677,-144.18089816571774,28.95986261194802,0.0,1.5562548590443293,9699.856410548677,28940.38742297887,10000
96,6110.0,6423.392857,6110.0,6088.4558297676085,0.0012103717603412618,0,0,0,0,hold,0,2,0,141.5,9508.717188760851,-338.3934218848826,28.95986261194802,0.0,1.5562548590443293,9508.717188760851,28940.38742297887,10000
97,6130.05,6421.56631,6130.05,6088.4558297676085,0.0012546747088532412,0,0,0,0,hold,0,2,0,143.5,9539.92009868469,-306.68880455408,28.95986261194802,0.0,1.5562548590443293,9539.92009868469,28940.38742297887,10000
98,6284.83,6420.553155,6284.83,6088.4558297676085,0.0011026611336328945,0,0,0,0,hold,0,2,0,145.5,9780.797225767572,-61.93864642631161,28.95986261194802,0.0,1.5562548590443293,9780.797225767572,28940.38742297887,10000
99,6290.0,6419.537857,6290.0,6088.4558297676085,0.0013832324059223089,0,0,0,0,hold,0,2,0,147.5,9788.843063388831,-53.76344086021527,28.95986261194802,0.0,1.5562548590443293,9788.843063388831,28940.38742297887,10000
100,6272.99,6417.32381,6272.99,6088.4558297676085,0.0010713208662743695,0,0,0,0,hold,0,2,0,149.5,9762.371168236486,-80.66097406704648,28.95986261194802,0.0,1.5562548590443293,9762.371168236486,28940.38742297887,10000
101,6273.03,6414.615655,6273.03,6088.4558297676085,0.001650463714707828,0,0,0,0,hold,0,2,0,151.5,9762.433418430848,-80.59772296015217,28.95986261194802,0.0,1.5562548590443293,9762.433418430848,28940.38742297887,10000
102,6265.0,6411.918333,6265.0,6088.4558297676085,0.0017648333298674148,0,0,0,0,hold,0,2,0,153.5,9749.936691912722,-93.29538266919735,28.95986261194802,0.0,1.5562548590443293,9749.936691912722,28940.38742297887,10000
103,6255.7,6409.305655,6255.7,6088.4558297676085,0.001641082224130514,0,0,0,0,hold,0,2,0,155.5,9735.46352172361,-108.00126502213789,28.95986261194802,0.0,1.5562548590443293,9735.46352172361,28940.38742297887,10000
104,6251.69,6406.517798,6251.69,6088.4558297676085,0.0010037946941724022,0,0,0,0,hold,0,2,0,157.5,9729.222939738842,-114.34218848829914,28.95986261194802,0.0,1.5562548590443293,9729.222939738842,28940.38742297887,10000
105,6265.18,6403.832917,6265.18,6088.4558297676085,0.0012533372046441805,0,0,0,0,hold,0,2,0,159.5,9750.216817787352,-93.01075268817112,28.95986261194802,0.0,1.5562548590443293,9750.216817787352,28940.38742297887,10000
106,6234.14,6400.993988,6234.14,6088.4558297676085,0.0016899455976804893,0,0,0,0,hold,0,2,0,161.5,9701.910666962614,-142.09361163820358,28.95986261194802,0.0,1.5562548590443293,9701.910666962614,28940.38742297887,10000
107,6252.0,6398.253155,6252.0,6088.4558297676085,0.001109065924860266,0,0,0,0,hold,0,2,0,163.5,9729.705378745146,-113.85199240986731,28.95986261194802,0.0,1.5562548590443293,9729.705378745146,28940.38742297887,10000
108,6190.13,6395.10006,6190.13,6088.4558297676085,0.0010647866670663796,0,0,0,0,hold,0,2,0,165.5,9633.419890616075,-211.68564199873435,28.95986261194802,0.0,1.5562548590443293,9633.419890616075,28940.38742297887,10000
109,6227.99,6392.234762,6227.99,6088.4558297676085,0.0012619924352475838,0,0,0,0,hold,0,2,0,167.5,9692.339699579492,-151.81846932321423,28.95986261194802,0.0,1.5562548590443293,9692.339699579492,28940.38742297887,10000
110,6209.99,6389.458036,6209.99,6088.4558297676085,0.001730362778518764,0,0,0,0,hold,0,2,0,169.5,9664.327112116694,-180.2814674256806,28.95986261194802,0.0,1.5562548590443293,9664.327112116694,28940.38742297887,10000
111,6170.03,6386.404643,6170.03,6088.4558297676085,0.0014700177378920857,0,0,0,0,hold,0,2,0,171.5,9602.139167949283,-243.4693232131558,28.95986261194802,0.0,1.5562548590443293,9602.139167949283,28940.38742297887,10000
112,6185.0,6383.329464,6185.0,6088.4558297676085,0.0015550207230509013,0,0,0,0,hold,0,2,0,173.5,9625.436303189177,-219.7975964579382,28.95986261194802,0.0,1.5562548590443293,9625.436303189177,28940.38742297887,10000
113,6188.01,6380.281905,6188.01,6088.4558297676085,0.0019660991655200653,0,0,0,0,hold,0,2,0,175.5,9630.120630314901,-215.0379506641366,28.95986261194802,0.0,1.5562548590443293,9630.120630314901,28940.38742297887,10000
114,6180.0,6377.300536,6180.0,6088.4558297676085,0.0018310564163253108,0,0,0,0,hold,0,2,0,177.5,9617.655028893954,-227.70398481973461,28.95986261194802,0.0,1.5562548590443293,9617.655028893954,28940.38742297887,10000
115,6183.41,6374.231488,6183.41,6088.4558297676085,0.0013299028323605334,0,0,0,0,hold,0,2,0,179.5,9622.961857963295,-222.31182795698987,28.95986261194802,0.0,1.5562548590443293,9622.961857963295,28940.38742297887,10000
116,6168.73,6371.05119,6168.73,6088.4558297676085,0.0018093734340714693,0,0,0,0,hold,0,2,0,181.5,9600.116036632524,-245.52498418722462,28.95986261194802,0.0,1.5562548590443293,9600.116036632524,28940.38742297887,10000
117,6161.6,6367.760357,6161.6,6088.4558297676085,0.0018895872244918412,0,0,0,0,hold,0,2,0,183.5,9589.01993948754,-256.7994939911441,28.95986261194802,0.0,1.5562548590443293,9589.01993948754,28940.38742297887,10000
118,6179.0,6364.568214,6179.0,6088.4558297676085,0.0016428725081573496,0,0,0,0,hold,0,2,0,185.5,9616.09877403491,-229.28526249209426,28.95986261194802,0.0,1.5562548590443293,9616.09877403491,28940.38742297887,10000
119,6211.09,6361.502619,6211.09,6088.4558297676085,0.0010370272389991608,0,0,0,0,hold,0,2,0,187.5,9666.038992461643,-178.54206198608517,28.95986261194802,0.0,1.5562548590443293,9666.038992461643,28940.38742297887,10000
120,6155.75,6357.87125,6155.75,6088.4558297676085,0.001464507554387449,0,0,0,0,hold,0,2,0,189.5,9579.91584856213,-266.0499683744456,28.95986261194802,0.0,1.5562548590443293,9579.91584856213,28940.38742297887,10000
121,6070.78,6353.76875,6070.78,6088.4558297676085,0.0015785730446443071,0,0,0,0,hold,0,2,0,191.5,9447.680873189132,-400.41113219481304,28.95986261194802,0.0,1.5562548590443293,9447.680873189132,28940.38742297887,10000
122,6081.54,6349.835536,6081.54,6088.4558297676085,0.0010529416419141288,0,0,0,0,hold,0,2,0,193.5,9464.42617547245,-383.39658444022825,28.95986261194802,0.0,1.5562548590443293,9464.42617547245,28940.38742297887,10000
123,6080.0,6345.912679,6080.0,6088.4558297676085,0.0018548730581955633,0,0,0,0,hold,0,2,0,195.5,9462.029542989521,-385.8317520556611,28.95986261194802,0.0,1.5562548590443293,9462.029542989521,28940.38742297887,10000
124,6069.16,6342.11006,6069.16,6088.4558297676085,0.001091485024632444,0,0,0,0,hold,0,2,0,197.5,9445.159740317482,-402.97280202403635,28.95986261194802,0.0,1.5562548590443293,9445.159740317482,28940.38742297887,10000
125,6031.8,6338.031488,6031.8,6088.4558297676085,0.001095176126751094,0,0,0,0,hold,0,2,0,199.5,9387.018058783586,-462.04933586337756,28.95986261194802,0.0,1.5562548590443293,9387.018058783586,28940.38742297887,10000
126,6057.99,6334.14756,6057.99,6088.4558297676085,0.0019677357640077546,0,0,0,0,hold,0,2,0,201.5,9427.776373541956,-420.63567362428876,28.95986261194802,0.0,1.5562548590443293,9427.776373541956,28940.38742297887,10000
127,6076.94,6330.18869,6076.94,6088.4558297676085,0.0014424688319645924,0,0,0,0,hold,0,2,0,203.5,9457.267403120846,-390.67046173308154,28.95986261194802,0.0,1.5562548590443293,9457.267403120846,28940.38742297887,10000
128,6064.22,6326.41619,6064.22,6088.4558297676085,0.0012399588236477505,0,0,0,0,hold,0,2,0,205.5,9437.471841313803,-410.7843137254895,28.95986261194802,0.0,1.5562548590443293,9437.471841313803,28940.38742297887,10000
129,6072.33,6322.573036,6072.33,6088.4558297676085,0.0018857670740412044,0,0,0,0,hold,0,2,0,207.5,9450.093068220653,-397.9601518026557,28.95986261194802,0.0,1.5562548590443293,9450.093068220653,28940.38742297887,10000
130,6076.87,6318.685595,6076.87,6088.4558297676085,0.0012072655939394856,0,0,0,0,hold,0,2,0,209.5,9457.158465280712,-390.7811511701457,28.95986261194802,0.0,1.5562548590443293,9457.158465280712,28940.38742297887,10000
131,6098.99,6314.862857,6098.99,6088.4558297676085,0.001502873540689764,0,0,0,0,hold,0,2,0,211.5,9491.582822762774,-355.8032890575596,28.95986261194802,0.0,1.5562548590443293,9491.582822762774,28940.38742297887,10000
132,6115.39,6311.561607,6115.39,6088.4558297676085,0.0014589589513879103,0,0,0,0,hold,0,2,0,213.5,9517.105402451101,-329.87033523086575,28.95986261194802,0.0,1.5562548590443293,9517.105402451101,28940.38742297887,10000
133,6091.74,6308.423214,6091.74,6088.4558297676085,0.0013907431027182816,0,0,0,0,hold,0,2,0,215.5,9480.299975034703,-367.26755218216385,28.95986261194802,0.0,1.5562548590443293,9480.299975034703,28940.38742297887,10000
134,6087.84,6305.383393,6087.84,6088.4558297676085,0.001068526115313399,0,0,0,0,hold,0,2,0,217.5,9474.23058108443,-373.43453510436484,28.95986261194802,0.0,1.5562548590443293,9474.23058108443,28940.38742297887,10000
135,6050.71,6302.103512,6050.71,6088.4558297676085,0.0013646548040616557,0,0,0,0,hold,0,2,0,219.5,9416.446838168113,-432.14737507906284,28.95986261194802,0.0,1.5562548590443293,9416.446838168113,28940.38742297887,10000
136,6110.09,6299.25375,6110.09,6088.4558297676085,0.0016840512623611708,0,0,0,0,hold,0,2,0,221.5,9508.857251698166,-338.2511068943695,28.95986261194802,0.0,1.5562548590443293,9508.857251698166,28940.38742297887,10000
137,6129.99,6296.53119,6129.99,6088.4558297676085,0.0019322967478301255,0,0,0,0,hold,0,2,0,223.5,9539.826723393147,-306.78368121442145,28.95986261194802,0.0,1.5562548590443293,9539.826723393147,28940.38742297887,10000
138,6120.01,6293.530774,6120.01,6088.4558297676085,0.00177952497730373,0,0,0,0,hold,0,2,0,225.5,9524.295299899886,-322.5648323845671,28.95986261194802,0.0,1.5562548590443293,9524.295299899886,28940.38742297887,10000
139,6123.0,6290.525119,6123.0,6088.4558297676085,0.0010619126120996036,0,0,0,0,hold,0,2,0,227.5,9528.948501928428,-317.8368121442127,28.95986261194802,0.0,1.5562548590443293,9528.948501928428,28940.38742297887,10000
140,6133.0,6287.543036,6133.0,6088.4558297676085,0.00192682469366275,0,0,0,0,hold,0,2,0,229.5,9544.511050518871,-302.02403542061984,28.95986261194802,0.0,1.5562548590443293,9544.511050518871,28940.38742297887,10000
141,6125.0,6284.470714,6125.0,6088.4558297676085,0.0014951487899517724,0,0,0,0,hold,0,2,0,231.5,9532.061011646516,-314.6742567994934,28.95986261194802,0.0,1.5562548590443293,9532.061011646516,28940.38742297887,10000
142,6117.5,6281.467381,6117.5,6088.4558297676085,0.0011595048610322043,0,0,0,0,hold,0,2,0,233.5,9520.389100203683,-326.533839342188,28.95986261194802,0.0,1.5562548590443293,9520.389100203683,28940.38742297887,10000
143,6139.0,6278.56494,6139.0,6088.4558297676085,0.0014005576039862757,0,0,0,0,hold,0,2,0,235.5,9553.848579673137,-292.5363693864638,28.95986261194802,0.0,1.5562548590443293,9553.848579673137,28940.38742297887,10000
144,6133.73,6275.718095,6133.73,6088.4558297676085,0.0012177561068577414,0,0,0,0,hold,0,2,0,237.5,9545.647116565973,-300.8697027197977,28.95986261194802,0.0,1.5562548590443293,9545.647116565973,28940.38742297887,10000
145,6143.67,6272.241607,6143.67,6088.4558297676085,0.0017332375805144086,0,0,0,0,hold,0,2,0,239.5,9561.116289864874,-285.15180265654635,28.95986261194802,0.0,1.5562548590443293,9561.116289864874,28940.38742297887,10000
146,6136.08,6268.551369,6136.08,6088.4558297676085,0.001834834854547287,0,0,0,0,hold,0,2,0,241.5,9549.304315484727,-297.1537001897541,28.95986261194802,0.0,1.5562548590443293,9549.304315484727,28940.38742297887,10000
147,6111.26,6264.745655,6111.26,6088.4558297676085,0.0015949198224337146,0,0,0,0,hold,0,2,0,243.5,9510.678069883248,-336.40101201770995,28.95986261194802,0.0,1.5562548590443293,9510.678069883248,28940.38742297887,10000
148,6094.85,6260.875655,6094.85,6088.4558297676085,0.0016392357654547772,0,0,0,0,hold,0,2,0,245.5,9485.13992764633,-362.34977862112464,28.95986261194802,0.0,1.5562548590443293,9485.13992764633,28940.38742297887,10000
149,6104.01,6257.022976,6104.01,6088.4558297676085,0.0016974592327236443,0,0,0,0,hold,0,2,0,247.5,9499.395222155177,-347.8652751423142,28.95986261194802,0.0,1.5562548590443293,9499.395222155177,28940.38742297887,10000
150,6114.99,6253.198512,6114.99,6088.4558297676085,0.0018334546212038084,0,0,0,0,hold,0,2,0,249.5,9516.482900507483,-330.5028462998107,28.95986261194802,0.0,1.5562548590443293,9516.482900507483,28940.38742297887,10000
151,6103.0,6249.35369,6103.0,6088.4558297676085,0.00156989801652662,0,0,0,0,hold,0,2,0,251.5,9497.823404747542,-349.46236559139834,28.95986261194802,0.0,1.5562548590443293,9497.823404747542,28940.38742297887,10000
152,6116.75,6245.643869,6116.75,6088.4558297676085,0.0013929528778139108,0,0,0,0,hold,0,2,0,253.5,9519.2219090594,-327.7197975964573,28.95986261194802,0.0,1.5562548590443293,9519.2219090594,28940.38742297887,10000
153,6117.0,6242.084345,6117.0,6088.4558297676085,0.001959427588528732,0,0,0,0,hold,0,2,0,255.5,9519.610972774162,-327.32447817836874,28.95986261194802,0.0,1.5562548590443293,9519.610972774162,28940.38742297887,10000
154,6111.1,6238.400357,6111.1,6088.4558297676085,0.0016482402854190383,0,0,0,0,hold,0,2,0,257.5,9510.429069105801,-336.6540164452872,28.95986261194802,0.0,1.5562548590443293,9510.429069105801,28940.38742297887,10000
155,6090.01,6234.403333,6090.01,6088.4558297676085,0.0019985223771628686,0,0,0,0,hold,0,2,0,259.5,9477.607654128557,-370.0031625553438,28.95986261194802,0.0,1.5562548590443293,9477.607654128557,28940.38742297887,10000
156,6103.51,6230.535238,6103.51,6088.4558297676085,0.0012513100195819394,0,0,0,0,hold,0,2,0,261.5,9498.617094725654,-348.65591397849494,28.95986261194802,0.0,1.5562548590443293,9498.617094725654,28940.38742297887,10000
157,6104.13,6226.631369,6104.13,6088.4558297676085,0.0012712324530120872,0,0,0,0,hold,0,2,0,263.5,9499.581972738262,-347.67552182163126,28.95986261194802,0.0,1.5562548590443293,9499.581972738262,28940.38742297887,10000
158,6110.13,6222.653095,6110.13,6088.4558297676085,0.0014413238190774868,0,0,0,0,hold,0,2,0,265.5,9508.919501892527,-338.1878557874752,28.95986261194802,0.0,1.5562548590443293,9508.919501892527,28940.38742297887,10000
159,6123.0,6218.78756,6123.0,6088.4558297676085,0.0018614361147699353,0,0,0,0,hold,0,2,0,267.5,9528.948501928428,-317.8368121442127,28.95986261194802,0.0,1.5562548590443293,9528.948501928428,28940.38742297887,10000
160,6107.0,6214.905357,6107.0,6088.4558297676085,0.00197434002279068,0,0,0,0,hold,0,2,0,269.5,9504.048424183718,-343.13725490196157,28.95986261194802,0.0,1.5562548590443293,9504.048424183718,28940.38742297887,10000
161,6109.05,6211.142143,6109.05,6088.4558297676085,0.0016549485832627786,0,0,0,0,hold,0,2,0,271.5,9507.23874664476,-339.8956356736235,28.95986261194802,0.0,1.5562548590443293,9507.23874664476,28940.38742297887,10000
162,6106.58,6207.22125,6106.58,6088.4558297676085,0.0011759797881414674,0,0,0,0,hold,0,2,0,273.5,9503.39479714292,-343.80139152435186,28.95986261194802,0.0,1.5562548590443293,9503.39479714292,28940.38742297887,10000
163,6106.86,6203.341131,6106.86,6088.4558297676085,0.0010424171032336694,0,0,0,0,hold,0,2,0,275.5,9503.830548503453,-343.35863377609166,28.95986261194802,0.0,1.5562548590443293,9503.830548503453,28940.38742297887,10000
164,6088.1,6199.600952,6088.1,6088.4558297676085,0.0015361977581199563,0,0,0,0,hold,0,2,0,277.5,9474.635207347781,-373.02340290955,28.95986261194802,0.0,1.5562548590443293,9474.635207347781,28940.38742297887,10000
165,6048.19,6195.503869,6048.19,6088.4558297676085,0.0019875615772735385,0,0,0,0,hold,0,2,0,279.5,9412.52507592332,-436.13219481341,28.95986261194802,0.0,1.5562548590443293,9412.52507592332,28940.38742297887,10000
166,5920.68,6190.59125,5920.68,6088.4558297676085,0.0011989977235976033,0,0,0,0,hold,0,2,0,281.5,9214.08701884658,-637.7609108159395,28.95986261194802,0.0,1.5562548590443293,9214.08701884658,28940.38742297887,10000
167,5940.0,6185.871905,5940.0,6088.4558297676085,0.0011595799242334554,0,0,0,0,hold,0,2,0,283.5,9244.153862723315,-607.210626185959,28.95986261194802,0.0,1.5562548590443293,9244.153862723315,28940.38742297887,10000
168,5853.98,6180.74875,5853.98,6088.4558297676085,0.0019645257505096617,0,0,0,0,hold,0,2,0,285.5,9110.284819748322,-743.232131562303,28.95986261194802,0.0,1.5562548590443293,9110.284819748322,28940.38742297887,10000
169,5894.37,6175.834286,5894.37,6088.4558297676085,0.0016019821205623395,0,0,0,0,hold,0,2,0,287.5,9173.141953505123,-679.3643263757112,28.95986261194802,0.0,1.5562548590443293,9173.141953505123,28940.38742297887,10000
170,5874.0,6170.82244,5874.0,6088.4558297676085,0.0014210449254449245,0,0,0,0,hold,0,2,0,289.5,9141.44104202639,-711.5749525616702,28.95986261194802,0.0,1.5562548590443293,9141.44104202639,28940.38742297887,10000
171,5868.32,6165.788869,5868.32,6088.4558297676085,0.0011641823698561795,0,0,0,0,hold,0,2,0,291.5,9132.601514427019,-720.55660974067,28.95986261194802,0.0,1.5562548590443293,9132.601514427019,28940.38742297887,10000
172,5886.09,6160.825298,5886.09,6088.4558297676085,0.0015480897486150691,0,0,0,0,hold,0,2,0,293.5,9160.256163272235,-692.4573055028468,28.95986261194802,0.0,1.5562548590443293,9160.256163272235,28940.38742297887,10000
173,5855.61,6155.775476,5855.61,6088.4558297676085,0.0012777224407558479,0,0,0,0,hold,0,2,0,295.5,9112.821515168564,-740.654648956357,28.95986261194802,0.0,1.5562548590443293,9112.821515168564,28940.38742297887,10000
174,5906.0,6151.067143,5906.0,6088.4558297676085,0.0017247043743139534,0,0,0,0,hold,0,2,0,297.5,9191.241197515808,-660.9740670461724,28.95986261194802,0.0,1.5562548590443293,9191.241197515808,28940.38742297887,10000
175,5886.02,6146.138452,5886.02,6088.4558297676085,0.0012788421632772503,0,0,0,0,hold,0,2,0,299.5,9160.147225432103,-692.5679949399109,28.95986261194802,0.0,1.5562548590443293,9160.147225432103,28940.38742297887,10000
176,5904.22,6141.301786,5904.22,6088.4558297676085,0.0016035393180157415,0,0,0,0,hold,0,2,0,301.5,9188.47106386671,-663.788741302973,28.95986261194802,0.0,1.5562548590443293,9188.47106386671,28940.38742297887,10000
177,5897.53,6136.529167,5886.0729309903245,0,0.0019426893987271056,1.5562548590443293,9151.069369943445,9.160229599542989,-324.1195992091689,sell,0,2,-0.5,303.0,9151.069369943445,-674.3674889310569,38.120092211491006,9151.069369943445,0.0,0.0,38100.61702252186,10000
178,5926.09,6131.775238,5936.36148956458,5942.303793357938,0.0017332658742238894,1.5399867943763046,9151.069369943445,9.151069369943444,0,buy,0,0,0,303.0,9126.100342285476,-629.2061986084755,47.27116158143445,0.0,1.5399867943763046,9126.100342285476,47242.53532309536,10000
179,5889.24,6126.837143,5889.24,5942.303793357938,0.0014934408504041724,0,0,0,0,hold,0,2,0,305.0,9069.351828912708,-687.4762808349151,47.27116158143445,0.0,1.5399867943763046,9069.351828912708,47242.53532309536,10000
180,5877.12,6121.80244,5877.12,5942.303793357938,0.0012019286278233251,0,0,0,0,hold,0,2,0,307.0,9050.687188964866,-706.6413662239083,47.27116158143445,0.0,1.5399867943763046,9050.687188964866,47242.53532309536,10000
181,5861.43,6117.18244,5861.43,5942.303793357938,0.001969458650777854,0,0,0,0,hold,0,2,0,309.0,9026.524796161104,-731.4516129032254,47.27116158143445,0.0,1.5399867943763046,9026.524796161104,47242.53532309536,10000
182,5863.03,6112.408631,5863.03,5942.303793357938,0.0017544348590197113,0,0,0,0,hold,0,2,0,311.0,9028.988775032105,-728.921568627451,47.27116158143445,0.0,1.5399867943763046,9028.988775032105,47242.53532309536,10000
183,5902.42,6107.8975,5902.42,5942.303793357938,0.0015251566333684885,0,0,0,0,hold,0,2,0,313.0,9089.648854862588,-666.6350411132189,47.27116158143445,0.0,1.5399867943763046,9089.648854862588,47242.53532309536,10000
184,5900.05,6103.409345,5900.05,5942.303793357938,0.0013474952234985955,0,0,0,0,hold,0,2,0,315.0,9085.999086159916,-670.3826691967097,47.27116158143445,0.0,1.5399867943763046,9085.999086159916,47242.53532309536,10000
185,5878.78,6098.81875,5878.78,5942.303793357938,0.0011415256380712159,0,0,0,0,hold,0,2,0,317.0,9053.243567043532,-704.0164452877925,47.27116158143445,0.0,1.5399867943763046,9053.243567043532,47242.53532309536,10000
186,5897.99,6094.461548,5897.99,5942.303793357938,0.001152465134979425,0,0,0,0,hold,0,2,0,319.0,9082.8267133635,-673.6401012017704,47.27116158143445,0.0,1.5399867943763046,9082.8267133635,47242.53532309536,10000
187,5883.2,6090.819405,5883.2,5942.303793357938,0.0013765265842679724,0,0,0,0,hold,0,2,0,321.0,9060.050308674676,-697.0271979759655,47.27116158143445,0.0,1.5399867943763046,9060.050308674676,47242.53532309536,10000
188,5883.02,6087.742143,5883.02,5942.303793357938,0.0010323783836743087,0,0,0,0,hold,0,2,0,323.0,9059.773111051689,-697.311827956988,47.27116158143445,0.0,1.5399867943763046,9059.773111051689,47242.53532309536,10000
189,5894.01,6085.261369,5894.01,5942.303793357938,0.0014879101098403949,0,0,0,0,hold,0,2,0,325.0,9076.697565921884,-679.9335863377601,47.27116158143445,0.0,1.5399867943763046,9076.697565921884,47242.53532309536,10000
190,5917.01,6082.601012,5917.01,5942.303793357938,0.001590791943149469,0,0,0,0,hold,0,2,0,327.0,9112.117262192538,-643.5641998734973,47.27116158143445,0.0,1.5399867943763046,9112.117262192538,47242.53532309536,10000
191,6243.38,6081.975179,6243.38,5942.303793357938,0.0015173048542071331,0,0,0,0,hold,0,2,0,329.0,9614.722752273132,-127.48260594560452,47.27116158143445,0.0,1.5399867943763046,9614.722752273132,47242.53532309536,10000
192,6197.92,6081.224702,6197.92,5942.303793357938,0.0018996802752062028,0,0,0,0,hold,0,2,0,331.0,9544.714952600785,-199.36748893105687,47.27116158143445,0.0,1.5399867943763046,9544.714952600785,47242.53532309536,10000
193,6238.99,6081.919643,6238.99,5942.303793357938,0.0014851190012012292,0,0,0,0,hold,0,2,0,333.0,9607.96221024582,-134.42441492726175,47.27116158143445,0.0,1.5399867943763046,9607.96221024582,47242.53532309536,10000
194,6408.27,6083.37369,6408.27,5942.303793357938,0.0018453849099158229,0,0,0,0,hold,0,2,0,335.0,9868.651174797842,133.25426944971696,47.27116158143445,0.0,1.5399867943763046,9868.651174797842,47242.53532309536,10000
195,6393.72,6084.824405,6393.72,5942.303793357938,0.0013398291216262317,0,0,0,0,hold,0,2,0,337.0,9846.244366939667,110.24667931688782,47.27116158143445,0.0,1.5399867943763046,9846.244366939667,47242.53532309536,10000
196,6366.0,6085.97756,6366.0,5942.303793357938,0.0014211270250345277,0,0,0,0,hold,0,2,0,339.0,9803.555932999556,66.41366223908881,47.27116158143445,0.0,1.5399867943763046,9803.555932999556,47242.53532309536,10000
197,6383.67,6087.39875,6383.67,5942.303793357938,0.001976948228188938,0,0,0,0,hold,0,2,0,341.0,9830.767499656184,94.354838709678,47.27116158143445,0.0,1.5399867943763046,9830.767499656184,47242.53532309536,10000
198,6395.0,6088.482321,6395.0,5942.303793357938,0.0017912964978480006,0,0,0,0,hold,0,2,0,343.0,9848.215550036468,112.27071473750766,47.27116158143445,0.0,1.5399867943763046,9848.215550036468,47242.53532309536,10000
199,6385.2,6089.63,6385.2,5942.303793357938,0.0015483331427001389,0,0,0,0,hold,0,2,0,345.0,9833.123679451579,96.77419354838639,47.27116158143445,0.0,1.5399867943763046,9833.123679451579,47242.53532309536,10000
200,6409.36,6091.70244,6409.36,5942.303793357938,0.0012365533518008884,0,0,0,0,hold,0,2,0,347.0,9870.32976040371,134.97786211258608,47.27116158143445,0.0,1.5399867943763046,9870.32976040371,47242.53532309536,10000
201,6390.0,6093.9225,6390.0,5942.303793357938,0.0011843887122014052,0,0,0,0,hold,0,2,0,349.0,9840.515616064586,104.36432637571124,47.27116158143445,0.0,1.5399867943763046,9840.515616064586,47242.53532309536,10000
202,6411.48,6095.94875,6411.48,5942.303793357938,0.0011411206289433963,0,0,0,0,hold,0,2,0,351.0,9873.59453240779,138.33017077798831,47.27116158143445,0.0,1.5399867943763046,9873.59453240779,47242.53532309536,10000
203,6378.58,6097.934345,6378.58,5942.303793357938,0.0019223930044158929,0,0,0,0,hold,0,2,0,353.0,9822.928966872809,86.30613535736848,47.27116158143445,0.0,1.5399867943763046,9822.928966872809,47242.53532309536,10000
204,6399.0,6099.49506,6399.0,5942.303793357938,0.001581934168967689,0,0,0,0,buy,0,-1,0,352.0,9854.375497213972,118.59582542694443,47.27116158143445,0.0,1.5399867943763046,9854.375497213972,47242.53532309536,10000
205,6392.02,6101.002202,6392.02,5942.303793357938,0.0013026032284659498,0,0,0,0,hold,0,2,0,354.0,9843.626389389226,107.5585072738777,47.27116158143445,0.0,1.5399867943763046,9843.626389389226,47242.53532309536,10000
206,6397.51,6102.654167,6397.51,5942.303793357938,0.0015717457168878254,0,0,0,0,hold,0,2,0,356.0,9852.080916890352,116.23972169513036,47.27116158143445,0.0,1.5399867943763046,9852.080916890352,47242.53532309536,10000
207,6362.43,6104.243512,6362.43,5942.303793357938,0.0016572869542534443,0,0,0,0,hold,0,2,0,358.0,9798.058180143633,60.768500948766814,47.27116158143445,0.0,1.5399867943763046,9798.058180143633,47242.53532309536,10000
208,6382.27,6105.900417,6382.27,5942.303793357938,0.001828783189785048,0,0,0,0,hold,0,2,0,360.0,9828.611518144058,92.14104996837523,47.27116158143445,0.0,1.5399867943763046,9828.611518144058,47242.53532309536,10000
209,6357.89,6107.634048,6357.89,5942.303793357938,0.0012827261688438507,0,0,0,0,hold,0,2,0,362.0,9791.066640097164,53.58950031625682,47.27116158143445,0.0,1.5399867943763046,9791.066640097164,47242.53532309536,10000
210,6339.97,6109.485,6339.97,5942.303793357938,0.0013120067991753484,0,0,0,0,hold,0,2,0,364.0,9763.47007674194,25.253004427577252,47.27116158143445,0.0,1.5399867943763046,9763.47007674194,47242.53532309536,10000
211,6316.52,6110.738155,6316.52,5942.303793357938,0.0017238864155759326,0,0,0,0,hold,0,2,0,366.0,9727.357386413816,-11.82795698924565,47.27116158143445,0.0,1.5399867943763046,9727.357386413816,47242.53532309536,10000
212,6325.91,6112.231607,6325.91,5942.303793357938,0.0017959184961458948,0,0,0,0,hold,0,2,0,368.0,9741.817862413009,3.02024035420618,47.27116158143445,0.0,1.5399867943763046,9741.817862413009,47242.53532309536,10000
213,6360.09,6113.679762,6360.09,5942.303793357938,0.001213640913947666,0,0,0,0,hold,0,2,0,370.0,9794.454611044792,57.06831119544586,47.27116158143445,0.0,1.5399867943763046,9794.454611044792,47242.53532309536,10000
214,6333.17,6114.93244,6333.17,5942.303793357938,0.0011701836963349977,0,0,0,0,hold,0,2,0,372.0,9752.998166540181,14.500316255534926,47.27116158143445,0.0,1.5399867943763046,9752.998166540181,47242.53532309536,10000
215,6346.41,6116.244405,6346.41,5942.303793357938,0.0019261697158550542,0,0,0,0,hold,0,2,0,374.0,9773.387591697723,35.43643263757076,47.27116158143445,0.0,1.5399867943763046,9773.387591697723,47242.53532309536,10000
216,6390.07,6117.866429,6390.07,5942.303793357938,0.001440650683653078,0,0,0,0,hold,0,2,0,376.0,9840.623415140191,104.4750158127772,47.27116158143445,0.0,1.5399867943763046,9840.623415140191,47242.53532309536,10000
217,6372.1,6119.279345,6372.1,5942.303793357938,0.001204057853934904,0,0,0,0,hold,0,2,0,378.0,9812.94985244525,76.05945604048065,47.27116158143445,0.0,1.5399867943763046,9812.94985244525,47242.53532309536,10000
218,6348.9,6120.78494,6348.9,5942.303793357938,0.0014401221386809333,0,0,0,0,hold,0,2,0,380.0,9777.222158815719,39.37381404174448,47.27116158143445,0.0,1.5399867943763046,9777.222158815719,47242.53532309536,10000
219,6343.1,6122.281726,6343.1,5942.303793357938,0.0013084204554944915,0,0,0,0,hold,0,2,0,382.0,9768.290235408338,30.202403542061802,47.27116158143445,0.0,1.5399867943763046,9768.290235408338,47242.53532309536,10000
220,6344.57,6123.686667,6344.57,5942.303793357938,0.0015112895482214694,0,0,0,0,hold,0,2,0,384.0,9770.554015996071,32.52688172043054,47.27116158143445,0.0,1.5399867943763046,9770.554015996071,47242.53532309536,10000
221,6361.49,6125.064583,6361.49,5942.303793357938,0.0011697304945970798,0,0,0,0,hold,0,2,0,386.0,9796.610592556917,59.28209993674864,47.27116158143445,0.0,1.5399867943763046,9796.610592556917,47242.53532309536,10000
222,6388.92,6126.665298,6388.92,5942.303793357938,0.001536557836714829,0,0,0,0,hold,0,2,0,388.0,9838.85243032666,102.65654648956297,47.27116158143445,0.0,1.5399867943763046,9838.85243032666,47242.53532309536,10000
223,6361.12,6128.007619,6361.12,5942.303793357938,0.0011182441095724741,0,0,0,0,hold,0,2,0,390.0,9796.040797442998,58.69702719797533,47.27116158143445,0.0,1.5399867943763046,9796.040797442998,47242.53532309536,10000
224,6376.98,6129.483393,6376.98,5942.303793357938,0.00131764767996022,0,0,0,0,hold,0,2,0,392.0,9820.464988001806,83.77609108159413,47.27116158143445,0.0,1.5399867943763046,9820.464988001806,47242.53532309536,10000
225,6391.06,6130.545536,6391.06,5942.303793357938,0.001333397671531926,0,0,0,0,hold,0,2,0,394.0,9842.148002066626,106.04048070841236,47.27116158143445,0.0,1.5399867943763046,9842.148002066626,47242.53532309536,10000
226,6358.55,6131.54131,6358.55,5942.303793357938,0.0013378983644285773,0,0,0,0,hold,0,2,0,396.0,9792.083031381451,54.633143580012984,47.27116158143445,0.0,1.5399867943763046,9792.083031381451,47242.53532309536,10000
227,6380.92,6132.915952,6380.92,5942.303793357938,0.001735436228963889,0,0,0,0,hold,0,2,0,398.0,9826.53253597165,90.00632511068943,47.27116158143445,0.0,1.5399867943763046,9826.53253597165,47242.53532309536,10000
228,6385.0,6134.528988,6385.0,5942.303793357938,0.0011015513878211048,0,0,0,0,hold,0,2,0,400.0,9832.815682092705,96.45793801391483,47.27116158143445,0.0,1.5399867943763046,9832.815682092705,47242.53532309536,10000
229,6350.48,6136.122738,6350.48,5942.303793357938,0.0012518205112566367,0,0,0,0,hold,0,2,0,402.0,9779.655337950833,41.87223276407349,47.27116158143445,0.0,1.5399867943763046,9779.655337950833,47242.53532309536,10000
230,6344.11,6137.59381,6344.11,5942.303793357938,0.001605597110215909,0,0,0,0,hold,0,2,0,404.0,9769.845622070658,31.799493991144118,47.27116158143445,0.0,1.5399867943763046,9769.845622070658,47242.53532309536,10000
231,6285.38,6139.007679,6285.38,5942.303793357938,0.001395932930994342,0,0,0,0,hold,0,2,0,406.0,9679.402197636937,-61.06894370651389,47.27116158143445,0.0,1.5399867943763046,9679.402197636937,47242.53532309536,10000
232,6316.58,6141.620179,6316.58,5942.303793357938,0.0015763866915843006,0,0,0,0,hold,0,2,0,408.0,9727.449785621478,-11.733080328905999,47.27116158143445,0.0,1.5399867943763046,9727.449785621478,47242.53532309536,10000
233,6317.88,6144.31131,6317.88,5942.303793357938,0.0018097220498734775,0,0,0,0,hold,0,2,0,410.0,9729.451768454168,-9.677419354839003,47.27116158143445,0.0,1.5399867943763046,9729.451768454168,47242.53532309536,10000
234,6332.43,6147.207024,6332.43,5942.303793357938,0.0012863262813720092,0,0,0,0,hold,0,2,0,412.0,9751.858576312343,13.330170777988315,47.27116158143445,0.0,1.5399867943763046,9751.858576312343,47242.53532309536,10000
235,6324.0,6150.1475,6324.0,5942.303793357938,0.0017870196793801055,0,0,0,0,hold,0,2,0,414.0,9738.87648763575,0.0,47.27116158143445,0.0,1.5399867943763046,9738.87648763575,47242.53532309536,10000
236,6326.92,6153.113095,6326.92,5942.303793357938,0.0017101044139578073,0,0,0,0,hold,0,2,0,416.0,9743.37324907533,4.617330803288496,47.27116158143445,0.0,1.5399867943763046,9743.37324907533,47242.53532309536,10000
237,6354.68,6156.139286,6354.68,5942.303793357938,0.0017753033328290696,0,0,0,0,hold,0,2,0,418.0,9786.123282487215,48.51359898798364,47.27116158143445,0.0,1.5399867943763046,9786.123282487215,47242.53532309536,10000
238,6372.0,6158.904167,6372.0,5942.303793357938,0.0019651903817106205,0,0,0,0,hold,0,2,0,420.0,9812.795853765812,75.90132827324487,47.27116158143445,0.0,1.5399867943763046,9812.795853765812,47242.53532309536,10000
239,6374.64,6161.699762,6374.64,5942.303793357938,0.0011470461349147656,0,0,0,0,hold,0,2,0,422.0,9816.861418902967,80.07590132827318,47.27116158143445,0.0,1.5399867943763046,9816.861418902967,47242.53532309536,10000
240,6356.81,6164.452857,6356.81,5942.303793357938,0.00109630167644118,0,0,0,0,hold,0,2,0,424.0,9789.403454359237,51.881720430108544,47.27116158143445,0.0,1.5399867943763046,9789.403454359237,47242.53532309536,10000
241,6341.53,6166.93375,6341.53,5942.303793357938,0.0011306825915141728,0,0,0,0,hold,0,2,0,426.0,9765.872456141167,27.719797596457283,47.27116158143445,0.0,1.5399867943763046,9765.872456141167,47242.53532309536,10000
242,6325.02,6169.488036,6325.02,5942.303793357938,0.001250458137597551,0,0,0,0,hold,0,2,0,428.0,9740.447274166016,1.6129032258068037,47.27116158143445,0.0,1.5399867943763046,9740.447274166016,47242.53532309536,10000
243,6340.01,6172.89869,6340.01,5942.303793357938,0.0013608575520339433,0,0,0,0,hold,0,2,0,430.0,9763.531676213715,25.316255534471566,47.27116158143445,0.0,1.5399867943763046,9763.531676213715,47242.53532309536,10000
244,6346.0,6173.827262,6346.0,5942.303793357938,0.0011579297343078214,0,0,0,0,hold,0,2,0,432.0,9772.756197112029,34.78810879190314,47.27116158143445,0.0,1.5399867943763046,9772.756197112029,47242.53532309536,10000
245,6311.83,6174.612024,6311.83,5942.303793357938,0.001476662698794826,0,0,0,0,hold,0,2,0,434.0,9720.13484834819,-19.24414927261205,47.27116158143445,0.0,1.5399867943763046,9720.13484834819,47242.53532309536,10000
246,6293.1,6175.3275,6293.1,5942.303793357938,0.001382431859010973,0,0,0,0,hold,0,2,0,436.0,9691.290895689523,-48.861480075900545,47.27116158143445,0.0,1.5399867943763046,9691.290895689523,47242.53532309536,10000
247,6311.01,6176.119226,6298.54700931345,0,0.001974801289579679,1.5399867943763046,9689.979538882979,9.69967921810108,538.9101689395338,sell,0,2,0.5,438.5,9689.979538882979,-20.540796963947287,56.97084079953553,9689.979538882979,0.0,0.0,56942.214541196445,10000
248,6345.41,6177.088869,6354.729460326265,6361.090550877143,0.0014686931697502983,1.5233204843384613,9689.979538882979,9.689979538882978,0,buy,0,0,0,438.5,9666.093034526115,33.85515496521111,66.6608203384185,0.0,1.5233204843384613,9666.093034526115,66622.50410054054,10000
249,6346.39,6178.251845,6346.39,6361.090550877143,0.0015222365730702654,0,0,0,0,hold,0,2,0,440.5,9667.585888600768,35.40480708412542,66.6608203384185,0.0,1.5233204843384613,9667.585888600768,66622.50410054054,10000
250,6327.5,6179.387024,6327.5,6361.090550877143,0.0013392966422286921,0,0,0,0,hold,0,2,0,442.5,9638.810364651614,5.534471853257855,66.6608203384185,0.0,1.5233204843384613,9638.810364651614,66622.50410054054,10000
251,6336.19,6180.572857,6336.19,6361.090550877143,0.001611198796433516,0,0,0,0,hold,0,2,0,444.5,9652.048019660515,19.275774826059205,66.6608203384185,0.0,1.5233204843384613,9652.048019660515,66622.50410054054,10000
252,6343.99,6181.646726,6343.99,6361.090550877143,0.0016376935914650286,0,0,0,0,hold,0,2,0,446.5,9663.929919438355,31.60974067046118,66.6608203384185,0.0,1.5233204843384613,9663.929919438355,66622.50410054054,10000
253,6350.0,6182.937262,6350.0,6361.090550877143,0.0014166454757766243,0,0,0,0,hold,0,2,0,448.5,9673.08507554923,41.11321948134173,66.6608203384185,0.0,1.5233204843384613,9673.08507554923,66622.50410054054,10000
254,6597.21,6185.811131,6597.21,6361.090550877143,0.0014918965407839317,0,0,0,0,hold,0,2,0,450.5,10049.66513248254,432.02087286527603,66.6608203384185,0.0,1.5233204843384613,10049.66513248254,66622.50410054054,10000
255,6612.98,6188.746131,6612.98,6361.090550877143,0.001023159789068268,0,0,0,0,hold,0,2,0,452.5,10073.687896520558,456.9576217583799,66.6608203384185,0.0,1.5233204843384613,10073.687896520558,66622.50410054054,10049.66513248254
256,6630.08,6191.65125,6630.08,6361.090550877143,0.0014801460346002702,0,0,0,0,hold,0,2,0,454.5,10099.736676802746,483.9974699557242,66.6608203384185,0.0,1.5233204843384613,10099.736676802746,66622.50410054054,10073.687896520558
257,6613.8,6194.399881,6613.8,6361.090550877143,0.0014757988725882711,0,0,0,0,hold,0,2,0,456.5,10074.937019317716,458.25426944971514,66.6608203384185,0.0,1.5233204843384613,10074.937019317716,66622.50410054054,10099.736676802746
258,6618.0,6197.095714,6618.0,6361.090550877143,0.0012502400069396079,0,0,0,0,hold,0,2,0,458.5,10081.334965351938,464.8956356736253,66.6608203384185,0.0,1.5233204843384613,10081.334965351938,66622.50410054054,10099.736676802746
259,6641.79,6200.033036,6641.79,6361.090550877143,0.0019679381186015936,0,0,0,0,hold,0,2,0,460.5,10117.57475967435,502.5142314990517,66.6608203384185,0.0,1.5233204843384613,10117.57475967435,66622.50410054054,10099.736676802746
260,6629.0,6202.824643,6629.0,6361.090550877143,0.0014393248098763978,0,0,0,0,hold,0,2,0,462.5,10098.09149067966,482.28969006957595,66.6608203384185,0.0,1.5233204843384613,10098.09149067966,66622.50410054054,10117.57475967435
261,6629.79,6205.603214,6629.79,6361.090550877143,0.0014984807130744566,0,0,0,0,hold,0,2,0,464.5,10099.294913862288,483.53889943073955,66.6608203384185,0.0,1.5233204843384613,10099.294913862288,66622.50410054054,10117.57475967435
262,6651.02,6208.395,6651.02,6361.090550877143,0.001893380302180231,0,0,0,0,hold,0,2,0,466.5,10131.635007744793,517.1094244149281,66.6608203384185,0.0,1.5233204843384613,10131.635007744793,66622.50410054054,10117.57475967435
263,6629.86,6210.758333,6629.86,6361.090550877143,0.0015648718508346534,0,0,0,0,buy,0,-1,0,465.5,10099.40154629619,483.6495888678055,66.6608203384185,0.0,1.5233204843384613,10099.40154629619,66622.50410054054,10131.635007744793
264,6615.29,6213.766012,6615.29,6361.090550877143,0.0010227364795222073,0,0,0,0,hold,0,2,0,467.5,10077.20676683938,460.61037318153103,66.6608203384185,0.0,1.5233204843384613,10077.20676683938,66622.50410054054,10131.635007744793
265,6610.07,6216.623274,6610.07,6361.090550877143,0.001241907406593772,0,0,0,0,hold,0,2,0,469.5,10069.255033911133,452.3561037318141,66.6608203384185,0.0,1.5233204843384613,10069.255033911133,66622.50410054054,10131.635007744793
266,6618.93,6218.611964,6618.93,6361.090550877143,0.0012573850462206928,0,0,0,0,hold,0,2,0,471.5,10082.751653402373,466.366223908919,66.6608203384185,0.0,1.5233204843384613,10082.751653402373,66622.50410054054,10131.635007744793
267,6638.02,6220.683512,6638.02,6361.090550877143,0.0010281560546425992,0,0,0,0,hold,0,2,0,473.5,10111.831841448395,496.5528146742581,66.6608203384185,0.0,1.5233204843384613,10111.831841448395,66622.50410054054,10131.635007744793
268,6645.0,6222.897857,6645.0,6361.090550877143,0.001119220714162831,0,0,0,0,hold,0,2,0,475.5,10122.464618429076,507.59013282732485,66.6608203384185,0.0,1.5233204843384613,10122.464618429076,66622.50410054054,10131.635007744793
269,6643.62,6225.10375,6643.62,6361.090550877143,0.001241182744300722,0,0,0,0,hold,0,2,0,477.5,10120.362436160689,505.40796963946923,66.6608203384185,0.0,1.5233204843384613,10120.362436160689,66622.50410054054,10131.635007744793
270,6627.0,6227.258512,6627.0,6361.090550877143,0.0017074039112026746,0,0,0,0,buy,0,-1,0,476.5,10095.044849710983,479.1271347248585,66.6608203384185,0.0,1.5233204843384613,10095.044849710983,66622.50410054054,10131.635007744793
271,6637.99,6229.534048,6637.99,6361.090550877143,0.0011250936491238109,0,0,0,0,hold,0,2,0,478.5,10111.786141833863,496.50537634408647,66.6608203384185,0.0,1.5233204843384613,10111.786141833863,66622.50410054054,10131.635007744793
272,6645.99,6231.881071,6645.99,6361.090550877143,0.0014590800619598122,0,0,0,0,hold,0,2,0,480.5,10123.972705708571,509.15559772296,66.6608203384185,0.0,1.5233204843384613,10123.972705708571,66622.50410054054,10131.635007744793
273,6635.0,6234.082381,6635.0,6361.090550877143,0.0013166219173000174,0,0,0,0,hold,0,2,0,482.5,10107.23141358569,491.777356103732,66.6608203384185,0.0,1.5233204843384613,10107.23141358569,66622.50410054054,10131.635007744793
274,6614.0,6236.343452,6614.0,6361.090550877143,0.0015926333307348588,0,0,0,0,hold,0,2,0,484.5,10075.241683414582,458.5705249841867,66.6608203384185,0.0,1.5233204843384613,10075.241683414582,66622.50410054054,10131.635007744793
275,6563.36,6238.196786,6563.36,6361.090550877143,0.001769806470069652,0,0,0,0,hold,0,2,0,486.5,9998.100734087684,378.49462365591353,66.6608203384185,0.0,1.5233204843384613,9998.100734087684,66622.50410054054,10131.635007744793
276,6576.51,6240.496667,6576.51,6361.090550877143,0.001170556633050245,0,0,0,0,hold,0,2,0,488.5,10018.132398456735,399.28842504743807,66.6608203384185,0.0,1.5233204843384613,10018.132398456735,66622.50410054054,10131.635007744793
277,6585.0,6242.621726,6585.0,6361.090550877143,0.0019521538246148433,0,0,0,0,hold,0,2,0,490.5,10031.065389368769,412.71347248576785,66.6608203384185,0.0,1.5233204843384613,10031.065389368769,66622.50410054054,10131.635007744793
278,6567.98,6244.752619,6567.98,6361.090550877143,0.0015432078014431965,0,0,0,0,hold,0,2,0,492.5,10005.138474725327,385.80012650221397,66.6608203384185,0.0,1.5233204843384613,10005.138474725327,66622.50410054054,10131.635007744793
279,6576.0,6247.169107,6576.0,6361.090550877143,0.0011783812009253517,0,0,0,0,hold,0,2,0,494.5,10017.355505009722,398.48197343453467,66.6608203384185,0.0,1.5233204843384613,10017.355505009722,66622.50410054054,10131.635007744793
280,6585.02,6249.550179,6585.02,6361.090550877143,0.0011181644038493362,0,0,0,0,hold,0,2,0,496.5,10031.095855778456,412.7450980392168,66.6608203384185,0.0,1.5233204843384613,10031.095855778456,66622.50410054054,10131.635007744793
281,6586.97,6251.92494,6586.97,6361.090550877143,0.0014900580371724425,0,0,0,0,hold,0,2,0,498.5,10034.066330722915,415.8285895003173,66.6608203384185,0.0,1.5233204843384613,10034.066330722915,66622.50410054054,10131.635007744793
282,6585.88,6254.340893,6585.88,6361.090550877143,0.0018266145216501418,0,0,0,0,hold,0,2,0,500.5,10032.405911394986,414.10499683744456,66.6608203384185,0.0,1.5233204843384613,10032.405911394986,66622.50410054054,10131.635007744793
283,6569.92,6256.641548,6569.92,6361.090550877143,0.0019074383695903104,0,0,0,0,hold,0,2,0,502.5,10008.093716464944,388.8678051865918,66.6608203384185,0.0,1.5233204843384613,10008.093716464944,66622.50410054054,10131.635007744793
284,6601.54,6259.217798,6601.54,6361.090550877143,0.0010861781000272538,0,0,0,0,hold,0,2,0,504.5,10056.261110179727,438.86780518659,66.6608203384185,0.0,1.5233204843384613,10056.261110179727,66622.50410054054,10131.635007744793
285,6612.96,6261.904464,6612.96,6361.090550877143,0.001967803122567956,0,0,0,0,hold,0,2,0,506.5,10073.657430110872,456.92599620493456,66.6608203384185,0.0,1.5233204843384613,10073.657430110872,66622.50410054054,10131.635007744793
286,6617.95,6264.517262,6617.95,6361.090550877143,0.0013626078925003606,0,0,0,0,hold,0,2,0,508.5,10081.25879932772,464.8165717900065,66.6608203384185,0.0,1.5233204843384613,10081.25879932772,66622.50410054054,10131.635007744793
287,6482.31,6266.131667,6482.31,6361.090550877143,0.0011251013401098085,0,0,0,0,hold,0,2,0,510.5,9874.635608832052,250.33206831119605,66.6608203384185,0.0,1.5233204843384613,9874.635608832052,66622.50410054054,10131.635007744793
288,6513.86,6268.263274,6513.86,6361.090550877143,0.0013515195343274562,0,0,0,0,hold,0,2,0,512.5,9922.69637011293,300.2213788741301,66.6608203384185,0.0,1.5233204843384613,9922.69637011293,66622.50410054054,10131.635007744793
289,6481.69,6270.709167,6481.69,6361.090550877143,0.0011289750304402735,0,0,0,0,hold,0,2,0,514.5,9873.69115013176,249.35167615433238,66.6608203384185,0.0,1.5233204843384613,9873.69115013176,66622.50410054054,10131.635007744793
290,6524.01,6273.342917,6524.01,6361.090550877143,0.0015098422357362647,0,0,0,0,hold,0,2,0,516.5,9938.158073028966,316.2713472485775,66.6608203384185,0.0,1.5233204843384613,9938.158073028966,66622.50410054054,10131.635007744793
291,6534.91,6276.050714,6534.91,6361.090550877143,0.0011258129755343871,0,0,0,0,hold,0,2,0,518.5,9954.762266308255,333.5072738772924,66.6608203384185,0.0,1.5233204843384613,9954.762266308255,66622.50410054054,10131.635007744793
292,6518.0,6278.722381,6518.0,6361.090550877143,0.0010902082682781736,0,0,0,0,hold,0,2,0,520.5,9929.00291691809,306.76786843769696,66.6608203384185,0.0,1.5233204843384613,9929.00291691809,66622.50410054054,10131.635007744793
293,6536.93,6281.729107,6536.93,6361.090550877143,0.001357926027556499,0,0,0,0,hold,0,2,0,522.5,9957.839373686618,336.70145477545884,66.6608203384185,0.0,1.5233204843384613,9957.839373686618,66622.50410054054,10131.635007744793
294,6556.12,6284.694167,6556.12,6361.090550877143,0.0015208832283694104,0,0,0,0,hold,0,2,0,524.5,9987.071893781073,367.04617330803194,66.6608203384185,0.0,1.5233204843384613,9987.071893781073,66622.50410054054,10131.635007744793
295,6713.0,6288.480238,6713.0,6361.090550877143,0.001677254742436852,0,0,0,0,buy,0,-1,0,523.5,10226.05041136409,615.1170145477554,66.6608203384185,0.0,1.5233204843384613,10226.05041136409,66622.50410054054,10131.635007744793
296,6703.99,6292.288393,6703.99,6361.090550877143,0.0012936884068306907,0,0,0,0,hold,0,2,0,525.5,10212.3252938002,600.8697027197977,66.6608203384185,0.0,1.5233204843384613,10212.3252938002,66622.50410054054,10226.05041136409
297,6683.76,6295.927857,6683.76,6361.090550877143,0.0018919062838584552,0,0,0,0,hold,0,2,0,527.5,10181.508520402034,568.8804554079707,66.6608203384185,0.0,1.5233204843384613,10181.508520402034,66622.50410054054,10226.05041136409
298,6665.79,6299.433333,6665.79,6361.090550877143,0.0015158201304886466,0,0,0,0,hold,0,2,0,529.5,10154.134451298472,540.4648956356741,66.6608203384185,0.0,1.5233204843384613,10154.134451298472,66622.50410054054,10226.05041136409
299,6673.01,6302.850119,6673.01,6361.090550877143,0.001001025809715488,0,0,0,0,hold,0,2,0,531.5,10165.132825195396,551.8817204301085,66.6608203384185,0.0,1.5233204843384613,10165.132825195396,66622.50410054054,10226.05041136409
300,6669.65,6306.149286,6669.65,6361.090550877143,0.0018175262467030784,0,0,0,0,hold,0,2,0,533.5,10160.014468368017,546.5686274509808,66.6608203384185,0.0,1.5233204843384613,10160.014468368017,66622.50410054054,10226.05041136409
301,6683.07,6309.669107,6683.07,6361.090550877143,0.001217525053520417,0,0,0,0,hold,0,2,0,535.5,10180.45742926784,567.789373814041,66.6608203384185,0.0,1.5233204843384613,10180.45742926784,66622.50410054054,10226.05041136409
302,6690.99,6313.259286,6690.99,6361.090550877143,0.0017369322180097108,0,0,0,0,hold,0,2,0,537.5,10192.522127503802,580.3130929791278,66.6608203384185,0.0,1.5233204843384613,10192.522127503802,66622.50410054054,10226.05041136409
303,6690.99,6317.070476,6690.99,6361.090550877143,0.0018550147538765956,0,0,0,0,hold,0,2,0,539.5,10192.522127503802,580.3130929791278,66.6608203384185,0.0,1.5233204843384613,10192.522127503802,66622.50410054054,10226.05041136409
304,6590.06,6319.92744,6590.06,6361.090550877143,0.0015783527267259367,0,0,0,0,hold,0,2,0,541.5,10038.773391019522,420.71473750790756,66.6608203384185,0.0,1.5233204843384613,10038.773391019522,66622.50410054054,10226.05041136409
305,6586.98,6322.647619,6586.98,6361.090550877143,0.001680393621405052,0,0,0,0,hold,0,2,0,543.5,10034.081563927757,415.84440227704,66.6608203384185,0.0,1.5233204843384613,10034.081563927757,66622.50410054054,10226.05041136409
306,6560.14,6325.26744,6560.14,6361.090550877143,0.0017115151702034167,0,0,0,0,hold,0,2,0,545.5,9993.195642128114,373.4029095509177,66.6608203384185,0.0,1.5233204843384613,9993.195642128114,66622.50410054054,10226.05041136409
307,6635.98,6328.320893,6635.98,6361.090550877143,0.0010083241402603484,0,0,0,0,hold,0,2,0,547.5,10108.724267660342,493.3270082226427,66.6608203384185,0.0,1.5233204843384613,10108.724267660342,66622.50410054054,10226.05041136409
308,6600.99,6331.106548,6600.99,6361.090550877143,0.0016333753261545477,0,0,0,0,hold,0,2,0,549.5,10055.42328391334,437.99810246679226,66.6608203384185,0.0,1.5233204843384613,10055.42328391334,66622.50410054054,10226.05041136409
309,6626.88,6334.093929,6626.88,6361.090550877143,0.0019744231603163395,0,0,0,0,hold,0,2,0,551.5,10094.862051252863,478.93738140417554,66.6608203384185,0.0,1.5233204843384613,10094.862051252863,66622.50410054054,10226.05041136409
310,6622.0,6337.096905,6622.0,6361.090550877143,0.0019025298218241268,0,0,0,0,hold,0,2,0,553.5,10087.428247289292,471.22074636306206,66.6608203384185,0.0,1.5233204843384613,10087.428247289292,66622.50410054054,10226.05041136409
311,6604.66,6339.86869,6604.66,6361.090550877143,0.001944609893223975,0,0,0,0,hold,0,2,0,555.5,10061.013870090861,443.80139152435186,66.6608203384185,0.0,1.5233204843384613,10061.013870090861,66622.50410054054,10226.05041136409
312,6595.13,6342.615119,6595.13,6361.090550877143,0.0015813774987733227,0,0,0,0,hold,0,2,0,557.5,10046.496625875117,428.7318153067681,66.6608203384185,0.0,1.5233204843384613,10046.496625875117,66622.50410054054,10226.05041136409
313,6615.0,6345.420655,6615.0,6361.090550877143,0.0013283898670939844,0,0,0,0,hold,0,2,0,559.5,10076.765003898921,460.15180265654635,66.6608203384185,0.0,1.5233204843384613,10076.765003898921,66622.50410054054,10226.05041136409
314,6627.01,6348.342857,6627.01,6361.090550877143,0.0017065541820566693,0,0,0,0,hold,0,2,0,561.5,10095.060082915827,479.14294750158115,66.6608203384185,0.0,1.5233204843384613,10095.060082915827,66622.50410054054,10226.05041136409
315,6639.98,6351.49,6639.98,6361.090550877143,0.001620924567631965,0,0,0,0,hold,0,2,0,563.5,10114.817549597696,499.6521189120813,66.6608203384185,0.0,1.5233204843384613,10114.817549597696,66622.50410054054,10226.05041136409
316,6638.0,6354.723036,6638.0,6361.090550877143,0.001581170459470455,0,0,0,0,hold,0,2,0,565.5,10111.801375038707,496.52118912080914,66.6608203384185,0.0,1.5233204843384613,10111.801375038707,66622.50410054054,10226.05041136409
317,6614.65,6357.76256,6614.65,6361.090550877143,0.0013387797832378305,0,0,0,0,hold,0,2,0,567.5,10076.231841729403,459.5983554712202,66.6608203384185,0.0,1.5233204843384613,10076.231841729403,66622.50410054054,10226.05041136409
318,6641.06,6360.893929,6641.06,6361.090550877143,0.0014324689944761263,0,0,0,0,hold,0,2,0,569.5,10116.462735720783,501.35989879822955,66.6608203384185,0.0,1.5233204843384613,10116.462735720783,66622.50410054054,10226.05041136409
319,6605.99,6363.887917,6605.99,6361.090550877143,0.0013163038928513087,0,0,0,0,hold,0,2,0,571.5,10063.039886335031,445.9044908285887,66.6608203384185,0.0,1.5233204843384613,10063.039886335031,66622.50410054054,10226.05041136409
320,6579.87,6366.644583,6579.87,6361.090550877143,0.0014604133634032923,0,0,0,0,hold,0,2,0,573.5,10023.25075528411,404.6015180265658,66.6608203384185,0.0,1.5233204843384613,10023.25075528411,66622.50410054054,10226.05041136409
321,6611.36,6369.587202,6611.36,6361.090550877143,0.0017456037612736007,0,0,0,0,hold,0,2,0,575.5,10071.22011733593,454.3959519291584,66.6608203384185,0.0,1.5233204843384613,10071.22011733593,66622.50410054054,10226.05041136409
322,6591.01,6372.44381,6591.01,6361.090550877143,0.001959424231331645,0,0,0,0,hold,0,2,0,577.5,10040.220545479642,422.2169512966484,66.6608203384185,0.0,1.5233204843384613,10040.220545479642,66622.50410054054,10226.05041136409
323,6561.7,6375.251488,6561.7,6361.090550877143,0.0017200943346575874,0,0,0,0,hold,0,2,0,579.5,9995.572022083681,375.8697027197977,66.6608203384185,0.0,1.5233204843384613,9995.572022083681,66622.50410054054,10226.05041136409
324,6486.51,6377.53125,6486.51,6361.090550877143,0.0014421625871561335,0,0,0,0,hold,0,2,0,581.5,9881.033554866273,256.9734345351044,66.6608203384185,0.0,1.5233204843384613,9881.033554866273,66622.50410054054,10226.05041136409
325,6510.32,6379.949048,6510.32,6361.090550877143,0.0017173958065779286,0,0,0,0,hold,0,2,0,583.5,9917.30381559837,294.6236559139779,66.6608203384185,0.0,1.5233204843384613,9917.30381559837,66622.50410054054,10226.05041136409
326,6507.98,6382.317202,6507.98,6361.090550877143,0.0013481973468912741,0,0,0,0,hold,0,2,0,585.5,9913.73924566502,290.923466160657,66.6608203384185,0.0,1.5233204843384613,9913.73924566502,66622.50410054054,10226.05041136409
327,6498.37,6384.551548,6498.37,6361.090550877143,0.0019396467506447735,0,0,0,0,hold,0,2,0,587.5,9899.100135810528,275.7273877292846,66.6608203384185,0.0,1.5233204843384613,9899.100135810528,66622.50410054054,10226.05041136409
328,6537.8,6387.115833,6537.8,6361.090550877143,0.0012396570915951797,0,0,0,0,hold,0,2,0,589.5,9959.164662507992,338.07716635041106,66.6608203384185,0.0,1.5233204843384613,9959.164662507992,66622.50410054054,10226.05041136409
329,6529.2,6389.616726,6529.2,6361.090550877143,0.0015534386393624478,0,0,0,0,hold,0,2,0,591.5,9946.064106342681,324.478178368121,66.6608203384185,0.0,1.5233204843384613,9946.064106342681,66622.50410054054,10226.05041136409
330,6531.75,6392.1475,6531.75,6361.090550877143,0.0019462866098755563,0,0,0,0,hold,0,2,0,593.5,9949.948573577745,328.510436432638,66.6608203384185,0.0,1.5233204843384613,9949.948573577745,66622.50410054054,10226.05041136409
331,6512.93,6394.564583,6512.93,6361.090550877143,0.0010063363354896133,0,0,0,0,hold,0,2,0,595.5,9921.279682062495,298.7507906388364,66.6608203384185,0.0,1.5233204843384613,9921.279682062495,66622.50410054054,10226.05041136409
332,6548.23,6397.303452,6548.23,6361.090550877143,0.0014823017987127694,0,0,0,0,hold,0,2,0,597.5,9975.052895159643,354.56989247311685,66.6608203384185,0.0,1.5233204843384613,9975.052895159643,66622.50410054054,10226.05041136409
333,6530.0,6400.171369,6530.0,6361.090550877143,0.0010883615783304026,0,0,0,0,hold,0,2,0,599.5,9947.282762730152,325.7432005060091,66.6608203384185,0.0,1.5233204843384613,9947.282762730152,66622.50410054054,10226.05041136409
334,6525.28,6403.770179,6525.28,6361.090550877143,0.0014720459416151148,0,0,0,0,hold,0,2,0,601.5,9940.092690044075,318.27956989247286,66.6608203384185,0.0,1.5233204843384613,9940.092690044075,66622.50410054054,10226.05041136409
335,6494.99,6407.07369,6494.99,6361.090550877143,0.0016419605818708699,0,0,0,0,hold,0,2,0,603.5,9893.951312573463,270.3826691967115,66.6608203384185,0.0,1.5233204843384613,9893.951312573463,66622.50410054054,10226.05041136409
336,6460.27,6410.68256,6460.27,6361.090550877143,0.001495249727302331,0,0,0,0,hold,0,2,0,605.5,9841.061625357232,215.4807084123986,66.6608203384185,0.0,1.5233204843384613,9841.061625357232,66622.50410054054,10226.05041136409
337,6478.85,6414.161607,6478.85,6361.090550877143,0.0014645193880992544,0,0,0,0,hold,0,2,0,607.5,9869.36491995624,244.8608475648325,66.6608203384185,0.0,1.5233204843384613,9869.36491995624,66622.50410054054,10226.05041136409
338,6499.16,6417.882798,6499.16,6361.090550877143,0.001179029936306331,0,0,0,0,hold,0,2,0,609.5,9900.303558993155,276.9765970904482,66.6608203384185,0.0,1.5233204843384613,9900.303558993155,66622.50410054054,10226.05041136409
339,6495.08,6421.613512,6495.08,6361.090550877143,0.0019462355149309314,0,0,0,0,hold,0,2,0,611.5,9894.088411417053,270.5249841872228,66.6608203384185,0.0,1.5233204843384613,9894.088411417053,66622.50410054054,10226.05041136409
340,6527.89,6425.43375,6527.89,6361.090550877143,0.0015936202811964147,0,0,0,0,hold,0,2,0,613.5,9944.068556508199,322.40670461733134,66.6608203384185,0.0,1.5233204843384613,9944.068556508199,66622.50410054054,10226.05041136409
341,6526.56,6429.4275,6526.56,6361.090550877143,0.0011629894224793303,0,0,0,0,hold,0,2,0,615.5,9942.042540264029,320.3036053130945,66.6608203384185,0.0,1.5233204843384613,9942.042540264029,66622.50410054054,10226.05041136409
342,6587.0,6433.481071,6587.0,6361.090550877143,0.0014149075472902695,0,0,0,0,hold,0,2,0,617.5,10034.112030337445,415.87602783048715,66.6608203384185,0.0,1.5233204843384613,10034.112030337445,66622.50410054054,10226.05041136409
343,6560.74,6437.497262,6560.74,6361.090550877143,0.001469473622853391,0,0,0,0,hold,0,2,0,619.5,9994.109634418717,374.3516761543324,66.6608203384185,0.0,1.5233204843384613,9994.109634418717,66622.50410054054,10226.05041136409
344,6549.11,6441.335893,6549.11,6361.090550877143,0.0010788131041053288,0,0,0,0,hold,0,2,0,621.5,9976.39341718586,355.96141682479356,66.6608203384185,0.0,1.5233204843384613,9976.39341718586,66622.50410054054,10226.05041136409
345,6565.01,6445.308988,6565.01,6361.090550877143,0.0015205260982593368,0,0,0,0,hold,0,2,0,623.5,10000.614212886843,381.1037318153067,66.6608203384185,0.0,1.5233204843384613,10000.614212886843,66622.50410054054,10226.05041136409
346,6558.0,6449.070357,6558.0,6361.090550877143,0.0014285924435949436,0,0,0,0,hold,0,2,0,625.5,9989.935736291629,370.0189753320683,66.6608203384185,0.0,1.5233204843384613,9989.935736291629,66622.50410054054,10226.05041136409
347,6598.0,6453.289167,6598.0,6361.090550877143,0.0012379182883077236,0,0,0,0,hold,0,2,0,627.5,10050.868555665167,433.2700822264396,66.6608203384185,0.0,1.5233204843384613,10050.868555665167,66622.50410054054,10226.05041136409
348,6565.14,6457.384524,6565.14,6361.090550877143,0.0016976147890349364,0,0,0,0,hold,0,2,0,629.5,10000.812244549807,381.3092979127141,66.6608203384185,0.0,1.5233204843384613,10000.812244549807,66622.50410054054,10226.05041136409
349,6570.01,6461.602262,6570.01,6361.090550877143,0.00105976294270108,0,0,0,0,hold,0,2,0,631.5,10008.230815308534,389.0101201771031,66.6608203384185,0.0,1.5233204843384613,10008.230815308534,66622.50410054054,10226.05041136409
350,6571.66,6465.820298,6571.66,6361.090550877143,0.0019022436213021257,0,0,0,0,hold,0,2,0,633.5,10010.744294107693,391.61922833649623,66.6608203384185,0.0,1.5233204843384613,10010.744294107693,66622.50410054054,10226.05041136409
351,6589.94,6469.912679,6589.94,6361.090550877143,0.001707631357388982,0,0,0,0,hold,0,2,0,635.5,10038.590592561399,420.5249841872228,66.6608203384185,0.0,1.5233204843384613,10038.590592561399,66622.50410054054,10226.05041136409
352,6574.7,6473.928452,6574.7,6361.090550877143,0.001550830719810872,0,0,0,0,hold,0,2,0,637.5,10015.375188380081,396.42631246046767,66.6608203384185,0.0,1.5233204843384613,10015.375188380081,66622.50410054054,10226.05041136409
353,6609.78,6478.279643,6609.78,6361.090550877143,0.0012629884480543135,0,0,0,0,hold,0,2,0,639.5,10068.813270970675,451.8975332068312,66.6608203384185,0.0,1.5233204843384613,10068.813270970675,66622.50410054054,10226.05041136409
354,6596.93,6482.44,6596.93,6361.090550877143,0.001116878089289533,0,0,0,0,hold,0,2,0,641.5,10049.238602746926,431.57811511701584,66.6608203384185,0.0,1.5233204843384613,10049.238602746926,66622.50410054054,10226.05041136409
355,6566.01,6486.504345,6566.01,6361.090550877143,0.0018734803332075582,0,0,0,0,hold,0,2,0,643.5,10002.13753337118,382.6850094876663,66.6608203384185,0.0,1.5233204843384613,10002.13753337118,66622.50410054054,10226.05041136409
356,6591.99,6490.724405,6591.99,6361.090550877143,0.0013202993367212195,0,0,0,0,hold,0,2,0,645.5,10041.713399554294,423.7666034155591,66.6608203384185,0.0,1.5233204843384613,10041.713399554294,66622.50410054054,10226.05041136409
357,6599.99,6494.926667,6599.99,6361.090550877143,0.0015087006832747514,0,0,0,0,hold,0,2,0,647.5,10053.899963429001,436.41682479443443,66.6608203384185,0.0,1.5233204843384613,10053.899963429001,66622.50410054054,10226.05041136409
358,6602.99,6499.009881,6602.99,6361.090550877143,0.001362879394257604,0,0,0,0,hold,0,2,0,649.5,10058.469924882016,441.16065781151156,66.6608203384185,0.0,1.5233204843384613,10058.469924882016,66622.50410054054,10226.05041136409
359,6597.99,6501.120655,6597.99,6361.090550877143,0.001685825344990441,0,0,0,0,hold,0,2,0,651.5,10050.853322460323,433.25426944971514,66.6608203384185,0.0,1.5233204843384613,10050.853322460323,66622.50410054054,10226.05041136409
360,6582.07,6503.407262,6582.07,6361.090550877143,0.0019554983137285067,0,0,0,0,hold,0,2,0,653.5,10026.602060349656,408.08032890575487,66.6608203384185,0.0,1.5233204843384613,10026.602060349656,66622.50410054054,10226.05041136409
361,6589.93,6505.49619,6589.93,6361.090550877143,0.0013179685693090906,0,0,0,0,hold,0,2,0,655.5,10038.575359356557,420.50917141050013,66.6608203384185,0.0,1.5233204843384613,10038.575359356557,66622.50410054054,10226.05041136409
362,6578.19,6506.507619,6578.19,6361.090550877143,0.0018200746923517346,0,0,0,0,hold,0,2,0,657.5,10020.691576870422,401.94497153700104,66.6608203384185,0.0,1.5233204843384613,10020.691576870422,66622.50410054054,10226.05041136409
363,6575.18,6507.587738,6575.18,6361.090550877143,0.0016217142319367005,0,0,0,0,hold,0,2,0,659.5,10016.106382212565,397.18532574320125,66.6608203384185,0.0,1.5233204843384613,10016.106382212565,66622.50410054054,10226.05041136409
364,6584.36,6508.8875,6584.36,6361.090550877143,0.00128441115298448,0,0,0,0,hold,0,2,0,661.5,10030.09046425879,411.70145477545884,66.6608203384185,0.0,1.5233204843384613,10030.09046425879,66622.50410054054,10226.05041136409
365,6584.79,6510.084643,6584.79,6361.090550877143,0.0017088539505223442,0,0,0,0,hold,0,2,0,663.5,10030.745492067057,412.3814041745736,66.6608203384185,0.0,1.5233204843384613,10030.745492067057,66622.50410054054,10226.05041136409
366,6557.12,6511.049643,6557.12,6361.090550877143,0.001264777183275747,0,0,0,0,hold,0,2,0,665.5,9988.595214265411,368.6274509803916,66.6608203384185,0.0,1.5233204843384613,9988.595214265411,66622.50410054054,10226.05041136409
367,6531.91,6511.922917,6531.91,6361.090550877143,0.0012519477470822886,0,0,0,0,hold,0,2,0,667.5,9950.192304855238,328.76344086021527,66.6608203384185,0.0,1.5233204843384613,9950.192304855238,66622.50410054054,10226.05041136409
368,6565.92,6512.854821,6565.92,6361.090550877143,0.0010873606064185617,0,0,0,0,hold,0,2,0,669.5,10002.00043452759,382.5426944971532,66.6608203384185,0.0,1.5233204843384613,10002.00043452759,66622.50410054054,10226.05041136409
369,6558.03,6513.855,6558.03,6361.090550877143,0.00177364326416635,0,0,0,0,hold,0,2,0,671.5,9989.981435906158,370.0664136622381,66.6608203384185,0.0,1.5233204843384613,9989.981435906158,66622.50410054054,10226.05041136409
370,6555.61,6514.712917,6555.61,6361.090550877143,0.0010343465523691313,0,0,0,0,hold,0,2,0,673.5,9986.29500033406,366.23972169512854,66.6608203384185,0.0,1.5233204843384613,9986.29500033406,66622.50410054054,10226.05041136409
371,6547.91,6515.720833,6547.91,6361.090550877143,0.0011737327647481572,0,0,0,0,hold,0,2,0,675.5,9974.565432604653,354.06388361796235,66.6608203384185,0.0,1.5233204843384613,9974.565432604653,66622.50410054054,10226.05041136409
372,6559.03,6516.673393,6559.03,6361.090550877143,0.0014297173145055792,0,0,0,0,hold,0,2,0,677.5,9991.504756390497,371.64769133459777,66.6608203384185,0.0,1.5233204843384613,9991.504756390497,66622.50410054054,10226.05041136409
373,6537.84,6517.541369,6537.84,6361.090550877143,0.001978056684373653,0,0,0,0,hold,0,2,0,679.5,9959.225595327367,338.1404174573054,66.6608203384185,0.0,1.5233204843384613,9959.225595327367,66622.50410054054,10226.05041136409
