trade_row_loc,trade_price,trade_amount,trade_total,trade_fee,trade_min_trade_penalty,trade_buy_penalty,trade_hold_penalty,trade_trend_reward,trade_reward ,overall_reward ,trade_profit,trade_type,net_worth,benchmark,Balance,crypto_holding,crypto_worth,total_fees,total_volume_traded,highest_net_worth
50,6409.039293323294,0.0,0.0,0.0,True,0,0,8.260706676705922,-1.0,0.0,0.0,sell,10000.0,0.0,10000.0,0.0,0.0,0.0,0.0,10000
51,6405.633375485063,0.0,0.0,0.0,True,0,0,11.666624514937212,-1.0,0.0,0.0,sell,10000.0,1.807613793962446,10000.0,0.0,0.0,0.0,0.0,10000
52,6463.377689307352,0.0,0.0,0.0,True,0,0,-44.91768930735179,-1.0,0.0,0.0,sell,10000.0,85.5967462951703,10000.0,0.0,0.0,0.0,0.0,10000
53,6490.18158791902,0.0,0.0,0.0,True,0,0,-17.951587919020312,-1.0,0.0,0.0,sell,10000.0,132.3142131425975,10000.0,0.0,0.0,0.0,0.0,10000
54,6517.976806049257,0.0,0.0,0.0,True,0,0,-15.766806049256957,-1.0,0.0,0.0,sell,10000.0,167.84317392049525,10000.0,0.0,0.0,0.0,0.0,10000
55,6476.695190755786,0.0,0.0,0.0,True,0,0,48.3148092442143,-1.0,0.0,0.0,sell,10000.0,105.1220918454801,10000.0,0.0,0.0,0.0,0.0,10000
56,6490.146626893409,0.0,0.0,0.0,True,0,0,-5.386626893408902,-1.0,0.0,0.0,sell,10000.0,128.02892182070354,10000.0,0.0,0.0,0.0,0.0,10000
57,6490.501454316691,0.0,0.0,0.0,True,0,0,8.95854568330924,-1.0,0.0,0.0,sell,10000.0,131.53506926589034,10000.0,0.0,0.0,0.0,0.0,10000
58,6487.0974165968555,0.0,0.0,0.0,True,0,0,14.612583403144527,-1.0,0.0,0.0,sell,10000.0,121.0789584404647,10000.0,0.0,0.0,0.0,0.0,10000
59,6490.938648180519,0.0,0.0,0.0,True,0,0,4.061351819481388,-1.0,0.0,0.0,sell,10000.0,134.12182693656177,10000.0,0.0,0.0,0.0,0.0,10000
60,6513.794909903769,0.0,0.0,0.0,True,0,0,-10.424909903768821,-1.0,0.0,0.0,sell,10000.0,164.77334704626446,10000.0,0.0,0.0,0.0,0.0,10000
61,6501.207031607652,0.0,0.0,0.0,True,0,0,21.83296839234754,-1.0,0.0,0.0,sell,10000.0,150.39035108223106,10000.0,0.0,0.0,0.0,0.0,10000
62,6526.484345279196,0.0,0.0,0.0,True,0,0,-12.674345279195222,-1.0,0.0,0.0,sell,10000.0,182.86506786343125,10000.0,0.0,0.0,0.0,0.0,10000
63,6511.886115345902,0.0,0.0,0.0,True,0,0,22.763884654097637,-1.0,0.0,0.0,sell,10000.0,163.15272778271174,10000.0,0.0,0.0,0.0,0.0,10000
64,6518.174598722682,0.0,0.0,0.0,True,0,0,3.8254012773177237,-1.0,0.0,0.0,sell,10000.0,172.53362005828058,10000.0,0.0,0.0,0.0,0.0,10000
65,6535.263108921435,0.0,0.0,0.0,True,0,0,-7.243108921434214,-1.0,0.0,0.0,sell,10000.0,195.76769046172012,10000.0,0.0,0.0,0.0,0.0,10000
66,6523.141767240936,0.0,0.0,0.0,True,0,0,19.788232759064158,-1.0,0.0,0.0,sell,10000.0,177.95646144016973,10000.0,0.0,0.0,0.0,0.0,10000
67,6544.328673881966,0.0,0.0,0.0,True,0,0,-12.828673881966097,-1.0,0.0,0.0,sell,10000.0,211.64664266903492,10000.0,0.0,0.0,0.0,0.0,10000
68,6517.076796324064,0.0,0.0,0.0,True,0,0,36.04320367593573,-1.0,0.0,0.0,sell,10000.0,175.6190298100446,10000.0,0.0,0.0,0.0,0.0,10000
69,6499.666399418362,0.0,0.0,0.0,True,0,0,30.333600581638166,-1.0,0.0,0.0,sell,10000.0,139.94982313433866,10000.0,0.0,0.0,0.0,0.0,10000
70,6495.789800263118,0.0,0.0,0.0,True,0,0,11.320199736881477,-1.0,0.0,0.0,sell,10000.0,135.22821124148686,10000.0,0.0,0.0,0.0,0.0,10000
71,6539.695276374807,0.0,0.0,0.0,True,0,0,-35.615276374806854,-1.0,0.0,0.0,sell,10000.0,203.01372851510678,10000.0,0.0,0.0,0.0,0.0,10000
72,6576.266780900065,0.0,0.0,0.0,True,0,0,-28.68678090006506,-1.0,0.0,0.0,sell,10000.0,259.68865410686703,10000.0,0.0,0.0,0.0,0.0,10000
73,6620.868808584563,0.0,0.0,0.0,True,0,0,-36.91880858456352,-1.0,0.0,0.0,sell,10000.0,335.0786156171598,10000.0,0.0,0.0,0.0,0.0,10000
74,6614.863234468607,0.0,0.0,0.0,True,0,0,17.46676553139332,-1.0,0.0,0.0,sell,10000.0,321.412432019697,10000.0,0.0,0.0,0.0,0.0,10000
75,6602.232029183636,0.0,0.0,0.0,True,0,0,21.32797081636454,-1.0,0.0,0.0,sell,10000.0,308.08907172798536,10000.0,0.0,0.0,0.0,0.0,10000
76,6676.369479330402,0.0,0.0,0.0,True,0,0,-61.35947933040188,-1.0,0.0,0.0,sell,10000.0,423.76077166409414,10000.0,0.0,0.0,0.0,0.0,10000
77,6660.944514848355,0.0,0.0,0.0,True,0,0,28.295485151645153,-1.0,0.0,0.0,sell,10000.0,396.3504900814969,10000.0,0.0,0.0,0.0,0.0,10000
78,6672.069768353941,0.0,0.0,0.0,True,0,0,-0.41976835394143563,-1.0,0.0,0.0,sell,10000.0,411.91778473812883,10000.0,0.0,0.0,0.0,0.0,10000
79,6707.606381661322,0.0,0.0,0.0,True,0,0,-25.966381661321975,-1.0,0.0,0.0,sell,10000.0,463.93342994717386,10000.0,0.0,0.0,0.0,0.0,10000
80,6718.278869790389,0.0,0.0,0.0,True,0,0,-3.2588697903884167,-1.0,0.0,0.0,sell,10000.0,485.5157153319924,10000.0,0.0,0.0,0.0,0.0,10000
81,6747.61600317966,0.0,0.0,0.0,True,0,0,-18.746003179659965,-1.0,0.0,0.0,sell,10000.0,529.3815155906686,10000.0,0.0,0.0,0.0,0.0,10000
82,6704.981454840415,0.0,0.0,0.0,True,0,0,52.03854515958574,-1.0,0.0,0.0,sell,10000.0,467.61098904523715,10000.0,0.0,0.0,0.0,0.0,10000
83,6728.000564176868,0.0,0.0,0.0,True,0,0,-10.620564176867447,-1.0,0.0,0.0,sell,10000.0,497.2496221152178,10000.0,0.0,0.0,0.0,0.0,10000
84,6711.85868011797,0.0,0.0,0.0,True,0,0,24.54131988202971,-1.0,0.0,0.0,sell,10000.0,473.423402365479,10000.0,0.0,0.0,0.0,0.0,10000
85,6663.701171793477,0.0,0.0,0.0,True,0,0,57.40882820652223,-1.0,0.0,0.0,sell,10000.0,401.55517117790805,10000.0,0.0,0.0,0.0,0.0,10000
86,6663.026306502054,0.0,0.0,0.0,True,0,0,11.963693497946224,-1.0,0.0,0.0,sell,10000.0,396.9114736727279,10000.0,0.0,0.0,0.0,0.0,10000
87,6696.791448348087,0.0,0.0,0.0,True,0,0,-24.781448348086997,-1.0,0.0,0.0,sell,10000.0,452.9786670406538,10000.0,0.0,0.0,0.0,0.0,10000
88,6677.661024380497,0.0,0.0,0.0,True,0,0,30.32897561950267,-1.0,0.0,0.0,sell,10000.0,422.84138188957877,10000.0,0.0,0.0,0.0,0.0,10000
89,6701.5736888858355,0.0,0.0,0.0,True,0,0,-12.923688885835872,-1.0,0.0,0.0,sell,10000.0,460.7701058077382,10000.0,0.0,0.0,0.0,0.0,10000
90,6691.188709201644,0.0,0.0,0.0,True,0,0,21.801290798355694,-1.0,0.0,0.0,sell,10000.0,445.9196235176787,10000.0,0.0,0.0,0.0,0.0,10000
91,6673.291446264064,0.0,0.0,0.0,True,0,0,30.168553735936257,-1.0,0.0,0.0,sell,10000.0,417.1847973446784,10000.0,0.0,0.0,0.0,0.0,10000
92,6683.689481860907,0.0,0.0,0.0,True,0,0,1.3305181390933285,-1.0,0.0,0.0,sell,10000.0,432.95466940925326,10000.0,0.0,0.0,0.0,0.0,10000
93,6716.159194039406,0.0,0.0,0.0,True,0,0,-21.019194039406102,-1.0,0.0,0.0,sell,10000.0,477.2256244838172,10000.0,0.0,0.0,0.0,0.0,10000
94,6725.927608903649,0.0,0.0,0.0,True,0,0,-2.377608903649161,-1.0,0.0,0.0,sell,10000.0,499.7272996431511,10000.0,0.0,0.0,0.0,0.0,10000
95,6702.679753379351,0.0,0.0,0.0,True,0,0,35.310246620649195,-1.0,0.0,0.0,sell,10000.0,461.5804154395155,10000.0,0.0,0.0,0.0,0.0,10000
96,6713.053388729459,0.0,0.0,0.0,True,0,0,0.4566112705415435,-1.0,0.0,0.0,sell,10000.0,478.02035123805945,10000.0,0.0,0.0,0.0,0.0,10000
97,6699.555088857445,0.0,0.0,0.0,True,0,0,24.504911142555102,-1.0,0.0,0.0,sell,10000.0,450.4230751250525,10000.0,0.0,0.0,0.0,0.0,10000
98,6703.1219846208705,0.0,0.0,0.0,True,0,0,3.228015379129829,-1.0,0.0,0.0,sell,10000.0,458.49500568774965,10000.0,0.0,0.0,0.0,0.0,10000
99,6701.919118288894,0.0,0.0,0.0,True,0,0,9.610881711105321,-1.0,0.0,0.0,sell,10000.0,455.95499664967974,10000.0,0.0,0.0,0.0,0.0,10000
100,6683.525856559766,0.0,0.0,0.0,True,0,0,26.374143440233638,-1.0,0.0,0.0,sell,10000.0,430.6795692892647,10000.0,0.0,0.0,0.0,0.0,10000
101,6713.673179533295,0.0,0.0,0.0,True,0,0,-19.993179533295006,-1.0,0.0,0.0,sell,10000.0,476.38414909697167,10000.0,0.0,0.0,0.0,0.0,10000
102,6726.357976518078,0.0,0.0,0.0,True,0,0,-3.3479765180782124,-1.0,0.0,0.0,sell,10000.0,492.9487479157906,10000.0,0.0,0.0,0.0,0.0,10000
103,6741.0776571792585,0.0,0.0,0.0,True,0,0,-7.437657179258167,-1.0,0.0,0.0,sell,10000.0,521.8082371090641,10000.0,0.0,0.0,0.0,0.0,10000
104,6721.8931225477145,0.0,0.0,0.0,True,0,0,30.26687745228537,-1.0,0.0,0.0,sell,10000.0,491.18788275442967,10000.0,0.0,0.0,0.0,0.0,10000
105,6629.928355555552,0.0,0.0,0.0,True,0,0,102.5816444444481,-1.0,0.0,0.0,sell,10000.0,351.9860377417299,10000.0,0.0,0.0,0.0,0.0,10000
106,6608.795373924647,0.0,0.0,0.0,True,0,0,34.38462607535348,-1.0,0.0,0.0,sell,10000.0,311.1744814797494,10000.0,0.0,0.0,0.0,0.0,10000
107,6608.494468071345,0.0,0.0,0.0,True,0,0,8.4955319286546,-1.0,0.0,0.0,sell,10000.0,313.2937528243965,10000.0,0.0,0.0,0.0,0.0,10000
108,6581.5948334427485,0.0,0.0,0.0,True,0,0,36.75516655725187,-1.0,0.0,0.0,sell,10000.0,267.0126065479235,10000.0,0.0,0.0,0.0,0.0,10000
109,6597.097727407653,0.0,0.0,0.0,True,0,0,-8.447727407653474,-1.0,0.0,0.0,sell,10000.0,298.0536985959825,10000.0,0.0,0.0,0.0,0.0,10000
110,6629.636193144539,0.0,0.0,0.0,True,0,0,-21.066193144539284,-1.0,0.0,0.0,sell,10000.0,342.4181509357513,10000.0,0.0,0.0,0.0,0.0,10000
111,6617.668227727913,0.0,0.0,0.0,True,0,0,19.371772272086673,-1.0,0.0,0.0,sell,10000.0,330.76215854019574,10000.0,0.0,0.0,0.0,0.0,10000
112,6656.642083851194,0.0,0.0,0.0,True,0,0,-27.0820838511936,-1.0,0.0,0.0,sell,10000.0,384.27375999251854,10000.0,0.0,0.0,0.0,0.0,10000
113,6654.454687661399,0.0,0.0,0.0,True,0,0,9.44531233860107,-1.0,0.0,0.0,sell,10000.0,388.5434684368811,10000.0,0.0,0.0,0.0,0.0,10000
114,6687.233940480872,0.0,0.0,0.0,True,0,0,-20.593940480871424,-1.0,0.0,0.0,sell,10000.0,438.5956710766204,10000.0,0.0,0.0,0.0,0.0,10000
115,6680.304010509902,0.0,0.0,0.0,True,0,0,18.455989490098546,-1.0,0.0,0.0,sell,10000.0,424.94507035669085,10000.0,0.0,0.0,0.0,0.0,10000
116,6711.429851993285,0.0,0.0,0.0,True,0,0,-21.42985199328541,-1.0,0.0,0.0,sell,10000.0,476.52439499477987,10000.0,0.0,0.0,0.0,0.0,10000
117,6685.145646157588,0.0,0.0,0.0,True,0,0,37.954353842412274,-1.0,0.0,0.0,sell,10000.0,432.7209262462402,10000.0,0.0,0.0,0.0,0.0,10000
118,6664.292824690772,0.0,0.0,0.0,True,0,0,30.697175309227532,-1.0,0.0,0.0,sell,10000.0,403.12904180885926,10000.0,0.0,0.0,0.0,0.0,10000
119,6645.477843278045,0.0,0.0,0.0,True,0,0,30.52215672195507,-1.0,0.0,0.0,sell,10000.0,366.4469480934349,10000.0,0.0,0.0,0.0,0.0,10000
120,6644.3934146111715,0.0,0.0,0.0,True,0,0,8.066585388828571,-1.0,0.0,0.0,sell,10000.0,368.83112835616157,10000.0,0.0,0.0,0.0,0.0,10000
121,6689.630144436454,0.0,0.0,0.0,True,0,0,-35.64014443645465,-1.0,0.0,0.0,sell,10000.0,434.9025291010239,10000.0,0.0,0.0,0.0,0.0,10000
122,6698.696812165453,0.0,0.0,0.0,True,0,0,-2.3068121654523566,-1.0,0.0,0.0,sell,10000.0,453.6175650195546,10000.0,0.0,0.0,0.0,0.0,10000
123,6671.775714955493,0.0,0.0,0.0,True,0,0,36.624285044506905,-1.0,0.0,0.0,sell,10000.0,414.3019650008573,10000.0,0.0,0.0,0.0,0.0,10000
124,6673.224435954864,0.0,0.0,0.0,True,0,0,9.945564045136052,-1.0,0.0,0.0,sell,10000.0,410.3283312296444,10000.0,0.0,0.0,0.0,0.0,10000
125,6679.86621569867,0.0,0.0,0.0,True,0,0,0.7537843013296879,-1.0,0.0,0.0,sell,10000.0,426.48777523257377,10000.0,0.0,0.0,0.0,0.0,10000
126,6688.982442508775,0.0,0.0,0.0,True,0,0,2.007557491224361,-1.0,0.0,0.0,sell,10000.0,440.527947890856,10000.0,0.0,0.0,0.0,0.0,10000
127,6690.27614763583,0.0,0.0,0.0,True,0,0,9.723852364169943,-1.0,0.0,0.0,sell,10000.0,440.527947890856,10000.0,0.0,0.0,0.0,0.0,10000
128,6657.513351532761,0.0,0.0,0.0,True,0,0,42.48664846723932,-1.0,0.0,0.0,sell,10000.0,391.67562682124844,10000.0,0.0,0.0,0.0,0.0,10000
129,6657.338436436977,0.0,0.0,0.0,True,0,0,11.3115635630229,-1.0,0.0,0.0,sell,10000.0,392.39243918781904,10000.0,0.0,0.0,0.0,0.0,10000
130,6660.399854931095,0.0,0.0,0.0,True,0,0,8.71014506890424,-1.0,0.0,0.0,sell,10000.0,394.6207906752061,10000.0,0.0,0.0,0.0,0.0,10000
131,6697.47833872951,0.0,0.0,0.0,True,0,0,-26.93833872951018,-1.0,0.0,0.0,sell,10000.0,449.1764449223192,10000.0,0.0,0.0,0.0,0.0,10000
132,6703.874030160713,0.0,0.0,0.0,True,0,0,1.6759698392870632,-1.0,0.0,0.0,sell,10000.0,465.60079784332993,10000.0,0.0,0.0,0.0,0.0,10000
133,6706.156572493012,0.0,0.0,0.0,True,0,0,9.933427506987755,-1.0,0.0,0.0,sell,10000.0,470.7431474296045,10000.0,0.0,0.0,0.0,0.0,10000
134,6696.476199310507,0.0,0.0,0.0,True,0,0,22.913800689493655,-1.0,0.0,0.0,sell,10000.0,455.2226014055759,10000.0,0.0,0.0,0.0,0.0,10000
135,6692.154626498863,0.0,0.0,0.0,True,0,0,17.275373501137437,-1.0,0.0,0.0,sell,10000.0,444.517164539604,10000.0,0.0,0.0,0.0,0.0,10000
136,6688.415129031725,0.0,0.0,0.0,True,0,0,14.144870968275427,-1.0,0.0,0.0,sell,10000.0,435.0427749988303,10000.0,0.0,0.0,0.0,0.0,10000
137,6705.731414023009,0.0,0.0,0.0,True,0,0,-9.251414023009602,-1.0,0.0,0.0,sell,10000.0,462.2660620510178,10000.0,0.0,0.0,0.0,0.0,10000
138,6700.468751867518,0.0,0.0,0.0,True,0,0,13.481248132481596,-1.0,0.0,0.0,sell,10000.0,460.8012715628065,10000.0,0.0,0.0,0.0,0.0,10000
139,6677.040651026159,0.0,0.0,0.0,True,0,0,35.96934897384108,-1.0,0.0,0.0,sell,10000.0,419.1638227915155,10000.0,0.0,0.0,0.0,0.0,10000
140,6707.344103627942,0.0,0.0,0.0,True,0,0,-21.054103627941913,-1.0,0.0,0.0,sell,10000.0,467.0188396989379,10000.0,0.0,0.0,0.0,0.0,10000
141,6709.620378795668,0.0,0.0,0.0,True,0,0,7.37962120433167,-1.0,0.0,0.0,sell,10000.0,472.58192697863524,10000.0,0.0,0.0,0.0,0.0,10000
142,6739.747023739062,0.0,0.0,0.0,True,0,0,-19.17702373906195,-1.0,0.0,0.0,sell,10000.0,515.0141025041685,10000.0,0.0,0.0,0.0,0.0,10000
143,6735.5330043964195,0.0,0.0,0.0,True,0,0,12.266995603580654,-1.0,0.0,0.0,sell,10000.0,510.82230844747755,10000.0,0.0,0.0,0.0,0.0,10000
144,6732.187337575631,0.0,0.0,0.0,True,0,0,12.922662424368355,-1.0,0.0,0.0,sell,10000.0,505.99161641188584,10000.0,0.0,0.0,0.0,0.0,10000
145,6720.115156394508,0.0,0.0,0.0,True,0,0,21.894843605492497,-1.0,0.0,0.0,sell,10000.0,487.2921633708884,10000.0,0.0,0.0,0.0,0.0,10000
146,6736.518919266278,0.0,0.0,0.0,True,0,0,-6.508919266278099,-1.0,0.0,0.0,sell,10000.0,510.2924906113167,10000.0,0.0,0.0,0.0,0.0,10000
147,6712.856732552915,0.0,0.0,0.0,True,0,0,31.913267447085673,-1.0,0.0,0.0,sell,10000.0,476.47764636217653,10000.0,0.0,0.0,0.0,0.0,10000
148,6727.927458955376,0.0,0.0,0.0,True,0,0,-4.857458955376387,-1.0,0.0,0.0,sell,10000.0,496.62630701385206,10000.0,0.0,0.0,0.0,0.0,10000
149,6747.434057715918,0.0,0.0,0.0,True,0,0,-11.434057715918243,-1.0,0.0,0.0,sell,10000.0,530.5969800383336,10000.0,0.0,0.0,0.0,0.0,10000
150,6895.6287454067315,0.0,0.0,0.0,True,0,0,-137.8287454067313,-1.0,0.0,0.0,sell,10000.0,765.6491047636846,10000.0,0.0,0.0,0.0,0.0,10000
151,6896.191263435446,0.0,0.0,0.0,True,0,0,12.448736564554565,-1.0,0.0,0.0,sell,10000.0,763.0311813379449,10000.0,0.0,0.0,0.0,0.0,10000
152,6903.76550163151,0.0,0.0,0.0,True,0,0,3.1944983684898034,-1.0,0.0,0.0,sell,10000.0,772.7237311641966,10000.0,0.0,0.0,0.0,0.0,10000
153,6868.586025500997,0.0,0.0,0.0,True,0,0,44.59397449900371,-1.0,0.0,0.0,sell,10000.0,722.5936141367856,10000.0,0.0,0.0,0.0,0.0,10000
154,6864.629490235507,0.0,0.0,0.0,True,0,0,16.38050976449358,-1.0,0.0,0.0,sell,10000.0,716.5162918984606,10000.0,0.0,0.0,0.0,0.0,10000
155,6895.465181211907,0.0,0.0,0.0,True,0,0,-18.35518121190762,-1.0,0.0,0.0,sell,10000.0,756.4552070185273,10000.0,0.0,0.0,0.0,0.0,10000
156,6893.8797944833495,0.0,0.0,0.0,True,0,0,8.86020551665024,-1.0,0.0,0.0,sell,10000.0,762.485780624249,10000.0,0.0,0.0,0.0,0.0,10000
157,6902.069068459209,0.0,0.0,0.0,True,0,0,4.540931540790552,-1.0,0.0,0.0,sell,10000.0,775.5598148754143,10000.0,0.0,0.0,0.0,0.0,10000
158,6919.1349604853685,0.0,0.0,0.0,True,0,0,-4.134960485368538,-1.0,0.0,0.0,sell,10000.0,797.3602605457108,10000.0,0.0,0.0,0.0,0.0,10000
159,6910.262141934638,0.0,0.0,0.0,True,0,0,18.727858065361943,-1.0,0.0,0.0,sell,10000.0,787.3872189238464,10000.0,0.0,0.0,0.0,0.0,10000
160,6920.0403038590175,0.0,0.0,0.0,True,0,0,2.5496961409826326,-1.0,0.0,0.0,sell,10000.0,798.918548299127,10000.0,0.0,0.0,0.0,0.0,10000
161,6924.067519904819,0.0,0.0,0.0,True,0,0,5.922480095180617,-1.0,0.0,0.0,sell,10000.0,803.5778286818422,10000.0,0.0,0.0,0.0,0.0,10000
162,7019.400608402983,0.0,0.0,0.0,True,0,0,-86.42060840298382,-1.0,0.0,0.0,sell,10000.0,954.7629065183173,10000.0,0.0,0.0,0.0,0.0,10000
163,7027.81828804086,0.0,0.0,0.0,True,0,0,2.1817119591396477,-1.0,0.0,0.0,sell,10000.0,970.3457840524825,10000.0,0.0,0.0,0.0,0.0,10000
164,7075.676541716529,0.0,0.0,0.0,True,0,0,-35.676541716528845,-1.0,0.0,0.0,sell,10000.0,1039.7051719570536,10000.0,0.0,0.0,0.0,0.0,10000
165,7041.998668715773,0.0,0.0,0.0,True,0,0,42.5113312842268,-1.0,0.0,0.0,sell,10000.0,995.3874682498863,10000.0,0.0,0.0,0.0,0.0,10000
166,7042.092694319064,0.0,0.0,0.0,True,0,0,13.977305680935387,-1.0,0.0,0.0,sell,10000.0,985.6014211584297,10000.0,0.0,0.0,0.0,0.0,10000
167,7009.890205028158,0.0,0.0,0.0,True,0,0,39.89979497184231,-1.0,0.0,0.0,sell,10000.0,942.8887538372837,10000.0,0.0,0.0,0.0,0.0,10000
168,7039.230274476676,0.0,0.0,0.0,True,0,0,-16.850274476675622,-1.0,0.0,0.0,sell,10000.0,985.8039985663745,10000.0,0.0,0.0,0.0,0.0,10000
169,7056.495140896888,0.0,0.0,0.0,True,0,0,-6.575140896888115,-1.0,0.0,0.0,sell,10000.0,1008.944571704611,10000.0,0.0,0.0,0.0,0.0,10000
170,7078.491465849748,0.0,0.0,0.0,True,0,0,-13.721465849747801,-1.0,0.0,0.0,sell,10000.0,1046.6551353372906,10000.0,0.0,0.0,0.0,0.0,10000
171,7074.125951950564,0.0,0.0,0.0,True,0,0,14.844048049436424,-1.0,0.0,0.0,sell,10000.0,1036.3392704096732,10000.0,0.0,0.0,0.0,0.0,10000
172,7050.101075410678,0.0,0.0,0.0,True,0,0,32.24892458932209,-1.0,0.0,0.0,sell,10000.0,1006.1552366259948,10000.0,0.0,0.0,0.0,0.0,10000
173,7073.39382757412,0.0,0.0,0.0,True,0,0,-10.41382757412066,-1.0,0.0,0.0,sell,10000.0,1035.653623798169,10000.0,0.0,0.0,0.0,0.0,10000
174,7068.435412849343,0.0,0.0,0.0,True,0,0,13.474587150656589,-1.0,0.0,0.0,sell,10000.0,1026.6155548283532,10000.0,0.0,0.0,0.0,0.0,10000
175,7063.520861841111,0.0,0.0,0.0,True,0,0,12.589138158889,-1.0,0.0,0.0,sell,10000.0,1018.6838701634642,10000.0,0.0,0.0,0.0,0.0,10000
176,7048.844730329137,0.0,0.0,0.0,True,0,0,22.1752696708636,-1.0,0.0,0.0,sell,10000.0,1006.1084879933915,10000.0,0.0,0.0,0.0,0.0,10000
177,7016.583128370701,0.0,0.0,0.0,True,0,0,46.36687162929866,-1.0,0.0,0.0,sell,10000.0,946.1144094868541,10000.0,0.0,0.0,0.0,0.0,10000
178,7037.026800035824,0.0,0.0,0.0,True,0,0,-12.576800035823908,-1.0,0.0,0.0,sell,10000.0,978.1372228195651,10000.0,0.0,0.0,0.0,0.0,10000
179,7033.900072058364,0.0,0.0,0.0,True,0,0,11.099927941636452,-1.0,0.0,0.0,sell,10000.0,972.0599005812419,10000.0,0.0,0.0,0.0,0.0,10000
180,7049.49132938497,0.0,0.0,0.0,True,0,0,-8.39132938497005,-1.0,0.0,0.0,sell,10000.0,1001.5271219983479,10000.0,0.0,0.0,0.0,0.0,10000
181,7036.33608500348,0.0,0.0,0.0,True,0,0,23.67391499652058,-1.0,0.0,0.0,sell,10000.0,984.2612936904934,10000.0,0.0,0.0,0.0,0.0,10000
182,7048.997788231513,0.0,0.0,0.0,True,0,0,-0.06778823151307733,-1.0,0.0,0.0,sell,10000.0,1002.9451638539558,10000.0,0.0,0.0,0.0,0.0,10000
183,7067.58006062009,0.0,0.0,0.0,True,0,0,-6.660060620090007,-1.0,0.0,0.0,sell,10000.0,1028.0803453165663,10000.0,0.0,0.0,0.0,0.0,10000
184,7103.582303196131,0.0,0.0,0.0,True,0,0,-26.53230319613067,-1.0,0.0,0.0,sell,10000.0,1084.7552709083247,10000.0,0.0,0.0,0.0,0.0,10000
185,7076.42569050786,0.0,0.0,0.0,True,0,0,36.99430949214002,-1.0,0.0,0.0,sell,10000.0,1046.7174668474272,10000.0,0.0,0.0,0.0,0.0,10000
186,7076.41143117384,0.0,0.0,0.0,True,0,0,12.598568826159863,-1.0,0.0,0.0,sell,10000.0,1048.2601717233101,10000.0,0.0,0.0,0.0,0.0,10000
187,7082.898126936774,0.0,0.0,0.0,True,0,0,7.101873063225867,-1.0,0.0,0.0,sell,10000.0,1052.1558911068514,10000.0,0.0,0.0,0.0,0.0,10000
188,7091.025657630917,0.0,0.0,0.0,True,0,0,1.474342369083388,-1.0,0.0,0.0,sell,10000.0,1062.3003443815924,10000.0,0.0,0.0,0.0,0.0,10000
189,7071.092211871155,0.0,0.0,0.0,True,0,0,27.91778812884513,-1.0,0.0,0.0,sell,10000.0,1030.8229317625792,10000.0,0.0,0.0,0.0,0.0,10000
190,6970.347235169602,0.0,0.0,0.0,True,0,0,108.46276483039856,-1.0,0.0,0.0,sell,10000.0,873.685194708054,10000.0,0.0,0.0,0.0,0.0,10000
191,6984.696108073419,0.0,0.0,0.0,True,0,0,-6.7261080734188,-1.0,0.0,0.0,sell,10000.0,897.1685911520417,10000.0,0.0,0.0,0.0,0.0,10000
192,7008.96373533011,0.0,0.0,0.0,True,0,0,-15.923735330109594,-1.0,0.0,0.0,sell,10000.0,939.6007666775749,10000.0,0.0,0.0,0.0,0.0,10000
193,7000.319466939027,0.0,0.0,0.0,True,0,0,19.950533060973612,-1.0,0.0,0.0,sell,10000.0,921.3687999626,10000.0,0.0,0.0,0.0,0.0,10000
194,6986.071336716376,0.0,0.0,0.0,True,0,0,22.4986632836235,-1.0,0.0,0.0,sell,10000.0,907.9986910382868,10000.0,0.0,0.0,0.0,0.0,10000
195,7030.607177006221,0.0,0.0,0.0,True,0,0,-30.617177006221027,-1.0,0.0,0.0,sell,10000.0,975.7062939242351,10000.0,0.0,0.0,0.0,0.0,10000
196,7040.811469462853,0.0,0.0,0.0,True,0,0,2.6285305371466166,-1.0,0.0,0.0,sell,10000.0,985.9286615866476,10000.0,0.0,0.0,0.0,0.0,10000
197,7047.536709754138,0.0,0.0,0.0,True,0,0,2.4632902458615717,-1.0,0.0,0.0,sell,10000.0,997.2885793090536,10000.0,0.0,0.0,0.0,0.0,10000
198,7017.681606628241,0.0,0.0,0.0,True,0,0,39.60839337175912,-1.0,0.0,0.0,sell,10000.0,956.6640175774846,10000.0,0.0,0.0,0.0,0.0,10000
199,7039.9573021814795,0.0,0.0,0.0,True,0,0,-8.737302181479208,-1.0,0.0,0.0,sell,10000.0,987.2064575444492,10000.0,0.0,0.0,0.0,0.0,10000
200,7039.0596193926995,0.0,0.0,0.0,True,0,0,11.760380607300249,-1.0,0.0,0.0,sell,10000.0,981.5654558770821,10000.0,0.0,0.0,0.0,0.0,10000
201,6995.834627217949,0.0,0.0,0.0,True,0,0,51.365372782051054,-1.0,0.0,0.0,sell,10000.0,914.1227619092133,10000.0,0.0,0.0,0.0,0.0,10000
202,7008.319826413546,0.0,0.0,0.0,True,0,0,-4.3998264135461795,-1.0,0.0,0.0,sell,10000.0,942.5770962866009,10000.0,0.0,0.0,0.0,0.0,10000
203,7008.568437380863,0.0,0.0,0.0,True,0,0,13.611562619137658,-1.0,0.0,0.0,sell,10000.0,934.411668458697,10000.0,0.0,0.0,0.0,0.0,10000
204,6953.866377766346,0.0,0.0,0.0,True,0,0,63.07362223365362,-1.0,0.0,0.0,sell,10000.0,855.8116341763671,10000.0,0.0,0.0,0.0,0.0,10000
205,6970.56491364941,0.0,0.0,0.0,True,0,0,-4.0649136494103,-1.0,0.0,0.0,sell,10000.0,882.4739376373236,10000.0,0.0,0.0,0.0,0.0,10000
206,6959.801031878426,0.0,0.0,0.0,True,0,0,23.808968121573344,-1.0,0.0,0.0,sell,10000.0,864.5692113505665,10000.0,0.0,0.0,0.0,0.0,10000
207,6926.390761096739,0.0,0.0,0.0,True,0,0,45.72923890326092,-1.0,0.0,0.0,sell,10000.0,814.8442491390451,10000.0,0.0,0.0,0.0,0.0,10000
208,6907.008249847395,0.0,0.0,0.0,True,0,0,33.2017501526052,-1.0,0.0,0.0,sell,10000.0,783.3980022750984,10000.0,0.0,0.0,0.0,0.0,10000
209,6922.645052986646,0.0,0.0,0.0,True,0,0,-2.615052986646333,-1.0,0.0,0.0,sell,10000.0,805.8529288018308,10000.0,0.0,0.0,0.0,0.0,10000
210,6859.253980428933,0.0,0.0,0.0,True,0,0,75.18601957106694,-1.0,0.0,0.0,sell,10000.0,705.6550262571491,10000.0,0.0,0.0,0.0,0.0,10000
211,6821.793946749244,0.0,0.0,0.0,True,0,0,48.346053250756086,-1.0,0.0,0.0,sell,10000.0,645.4272045875987,10000.0,0.0,0.0,0.0,0.0,10000
212,6836.466416963026,0.0,0.0,0.0,True,0,0,-4.976416963026168,-1.0,0.0,0.0,sell,10000.0,668.0379598896725,10000.0,0.0,0.0,0.0,0.0,10000
213,6859.437097181338,0.0,0.0,0.0,True,0,0,-13.437097181337776,-1.0,0.0,0.0,sell,10000.0,705.4368659716692,10000.0,0.0,0.0,0.0,0.0,10000
214,6850.044765348334,0.0,0.0,0.0,True,0,0,19.955234651665705,-1.0,0.0,0.0,sell,10000.0,695.6040702476112,10000.0,0.0,0.0,0.0,0.0,10000
215,6846.573657028228,0.0,0.0,0.0,True,0,0,17.1163429717717,-1.0,0.0,0.0,sell,10000.0,688.2645349290178,10000.0,0.0,0.0,0.0,0.0,10000
216,6857.944040540676,0.0,0.0,0.0,True,0,0,1.0359594593237489,-1.0,0.0,0.0,sell,10000.0,701.2450719149801,10000.0,0.0,0.0,0.0,0.0,10000
217,6808.5465166523245,0.0,0.0,0.0,True,0,0,58.7634833476759,-1.0,0.0,0.0,sell,10000.0,626.7433344241344,10000.0,0.0,0.0,0.0,0.0,10000
218,6802.731212925924,0.0,0.0,0.0,True,0,0,16.76878707407559,-1.0,0.0,0.0,sell,10000.0,611.9084350116082,10000.0,0.0,0.0,0.0,0.0,10000
219,6908.043091427718,0.0,0.0,0.0,True,0,0,-98.06309142771806,-1.0,0.0,0.0,sell,10000.0,777.1336855063655,10000.0,0.0,0.0,0.0,0.0,10000
220,6930.940299716554,0.0,0.0,0.0,True,0,0,-14.930299716554146,-1.0,0.0,0.0,sell,10000.0,816.0441307091751,10000.0,0.0,0.0,0.0,0.0,10000
221,6935.9595938625,0.0,0.0,0.0,True,0,0,5.020406137499776,-1.0,0.0,0.0,sell,10000.0,819.3788665014872,10000.0,0.0,0.0,0.0,0.0,10000
222,6977.533242709967,0.0,0.0,0.0,True,0,0,-34.41324270996756,-1.0,0.0,0.0,sell,10000.0,884.390631574026,10000.0,0.0,0.0,0.0,0.0,10000
223,6933.8498203975005,0.0,0.0,0.0,True,0,0,50.990179602499666,-1.0,0.0,0.0,sell,10000.0,824.4433017000902,10000.0,0.0,0.0,0.0,0.0,10000
224,6929.055224243615,0.0,0.0,0.0,True,0,0,17.314775756384734,-1.0,0.0,0.0,sell,10000.0,813.1612983653558,10000.0,0.0,0.0,0.0,0.0,10000
225,6942.468542522199,0.0,0.0,0.0,True,0,0,-3.3385425221986225,-1.0,0.0,0.0,sell,10000.0,830.0998862449924,10000.0,0.0,0.0,0.0,0.0,10000
226,6963.311404707203,0.0,0.0,0.0,True,0,0,-13.31140470720311,-1.0,0.0,0.0,sell,10000.0,865.940504573573,10000.0,0.0,0.0,0.0,0.0,10000
227,7000.527211122291,0.0,0.0,0.0,True,0,0,-27.52721112229119,-1.0,0.0,0.0,sell,10000.0,923.7685631028617,10000.0,0.0,0.0,0.0,0.0,10000
228,6997.750194694383,0.0,0.0,0.0,True,0,0,12.359805305616646,-1.0,0.0,0.0,sell,10000.0,915.8212955604376,10000.0,0.0,0.0,0.0,0.0,10000
229,6994.62733477011,0.0,0.0,0.0,True,0,0,10.382665229890335,-1.0,0.0,0.0,sell,10000.0,912.87613170648,10000.0,0.0,0.0,0.0,0.0,10000
230,6956.235341892187,0.0,0.0,0.0,True,0,0,46.884658107813266,-1.0,0.0,0.0,sell,10000.0,854.3780094432223,10000.0,0.0,0.0,0.0,0.0,10000
231,6938.138012465083,0.0,0.0,0.0,True,0,0,27.441987534916734,-1.0,0.0,0.0,sell,10000.0,832.0165801816947,10000.0,0.0,0.0,0.0,0.0,10000
232,6948.4332171159895,0.0,0.0,0.0,True,0,0,2.7967828840100992,-1.0,0.0,0.0,sell,10000.0,839.4340298879579,10000.0,0.0,0.0,0.0,0.0,10000
233,6945.393732636251,0.0,0.0,0.0,True,0,0,10.596267363748666,-1.0,0.0,0.0,sell,10000.0,833.8865254857956,10000.0,0.0,0.0,0.0,0.0,10000
234,6958.78430930655,0.0,0.0,0.0,True,0,0,-6.354309306550022,-1.0,0.0,0.0,sell,10000.0,857.21409315444,10000.0,0.0,0.0,0.0,0.0,10000
235,6892.964399199007,0.0,0.0,0.0,True,0,0,74.43560080099269,-1.0,0.0,0.0,sell,10000.0,759.9613544637141,10000.0,0.0,0.0,0.0,0.0,10000
236,6927.971248757818,0.0,0.0,0.0,True,0,0,-22.98124875781832,-1.0,0.0,0.0,sell,10000.0,807.208639147304,10000.0,0.0,0.0,0.0,0.0,10000
237,6928.847994212233,0.0,0.0,0.0,True,0,0,6.462005787767339,-1.0,0.0,0.0,sell,10000.0,812.0860798154972,10000.0,0.0,0.0,0.0,0.0,10000
238,6948.061842138075,0.0,0.0,0.0,True,0,0,-9.621842138075408,-1.0,0.0,0.0,sell,10000.0,845.6827637791594,10000.0,0.0,0.0,0.0,0.0,10000
239,6981.807700977604,0.0,0.0,0.0,True,0,0,-21.807700977604327,-1.0,0.0,0.0,sell,10000.0,890.6549483427589,10000.0,0.0,0.0,0.0,0.0,10000
240,7039.0751397431795,0.0,0.0,0.0,True,0,0,-50.21513974317986,-1.0,0.0,0.0,sell,10000.0,983.9184703847404,10000.0,0.0,0.0,0.0,0.0,10000
241,7034.894778083501,0.0,0.0,0.0,True,0,0,13.815221916499468,-1.0,0.0,0.0,sell,10000.0,977.3424960653228,10000.0,0.0,0.0,0.0,0.0,10000
242,7036.797005532318,0.0,0.0,0.0,True,0,0,7.692994467682183,-1.0,0.0,0.0,sell,10000.0,982.0017764480381,10000.0,0.0,0.0,0.0,0.0,10000
243,7036.338001110604,0.0,0.0,0.0,True,0,0,11.141998889395836,-1.0,0.0,0.0,sell,10000.0,983.9184703847404,10000.0,0.0,0.0,0.0,0.0,10000
244,7012.966309594303,0.0,0.0,0.0,True,0,0,35.743690405696725,-1.0,0.0,0.0,sell,10000.0,941.8135352874251,10000.0,0.0,0.0,0.0,0.0,10000
245,7015.0420285508335,0.0,0.0,0.0,True,0,0,6.647971449166107,-1.0,0.0,0.0,sell,10000.0,950.9139357673776,10000.0,0.0,0.0,0.0,0.0,10000
246,7003.108938217102,0.0,0.0,0.0,True,0,0,24.421061782897596,-1.0,0.0,0.0,sell,10000.0,925.4826796316192,10000.0,0.0,0.0,0.0,0.0,10000
247,7030.616154505241,0.0,0.0,0.0,True,0,0,-19.40615450524092,-1.0,0.0,0.0,sell,10000.0,976.4854378009422,10000.0,0.0,0.0,0.0,0.0,10000
248,7023.410614920893,0.0,0.0,0.0,True,0,0,20.52938507910676,-1.0,0.0,0.0,sell,10000.0,965.655337914699,10000.0,0.0,0.0,0.0,0.0,10000
249,7038.5136430985895,0.0,0.0,0.0,True,0,0,-1.5236430985896732,-1.0,0.0,0.0,sell,10000.0,980.0383338787342,10000.0,0.0,0.0,0.0,0.0,10000
250,7056.035030079638,0.0,0.0,0.0,True,0,0,-9.815030079637836,-1.0,0.0,0.0,sell,10000.0,1012.2948903744564,10000.0,0.0,0.0,0.0,0.0,10000
251,7042.329889621492,0.0,0.0,0.0,True,0,0,24.590110378508143,-1.0,0.0,0.0,sell,10000.0,992.1929783553824,10000.0,0.0,0.0,0.0,0.0,10000
252,7032.957480043367,0.0,0.0,0.0,True,0,0,21.062519956633878,-1.0,0.0,0.0,sell,10000.0,981.2537983263974,10000.0,0.0,0.0,0.0,0.0,10000
253,7041.7674883116215,0.0,0.0,0.0,True,0,0,5.2325116883785086,-1.0,0.0,0.0,sell,10000.0,989.8867124803255,10000.0,0.0,0.0,0.0,0.0,10000
254,7038.675799395902,0.0,0.0,0.0,True,0,0,13.864200604098187,-1.0,0.0,0.0,sell,10000.0,981.2382154488641,10000.0,0.0,0.0,0.0,0.0,10000
255,7052.726248241274,0.0,0.0,0.0,True,0,0,-5.736248241274552,-1.0,0.0,0.0,sell,10000.0,1003.4126501799819,10000.0,0.0,0.0,0.0,0.0,10000
256,7059.74674882618,0.0,0.0,0.0,True,0,0,1.4732511738202447,-1.0,0.0,0.0,sell,10000.0,1018.4501270004512,10000.0,0.0,0.0,0.0,0.0,10000
257,7091.626328914899,0.0,0.0,0.0,True,0,0,-20.756328914899314,-1.0,0.0,0.0,sell,10000.0,1063.4223115640525,10000.0,0.0,0.0,0.0,0.0,10000
258,7056.5557796173025,0.0,0.0,0.0,True,0,0,43.17422038269706,-1.0,0.0,0.0,sell,10000.0,1015.5517117790969,10000.0,0.0,0.0,0.0,0.0,10000
259,7023.508096914939,0.0,0.0,0.0,True,0,0,45.5019030850608,-1.0,0.0,0.0,sell,10000.0,962.569928162935,10000.0,0.0,0.0,0.0,0.0,10000
260,7050.796862799517,0.0,0.0,0.0,True,0,0,-15.786862799516712,-1.0,0.0,0.0,sell,10000.0,1001.5271219983479,10000.0,0.0,0.0,0.0,0.0,10000
261,7115.5684929781455,0.0,0.0,0.0,True,0,0,-55.558492978145296,-1.0,0.0,0.0,sell,10000.0,1105.9324014772556,10000.0,0.0,0.0,0.0,0.0,10000
262,7152.971738314793,0.0,0.0,0.0,True,0,0,-25.961738314792456,-1.0,0.0,0.0,sell,10000.0,1167.5159334922773,10000.0,0.0,0.0,0.0,0.0,10000
263,7174.643783166477,0.0,0.0,0.0,True,0,0,-8.113783166477333,-1.0,0.0,0.0,sell,10000.0,1199.39850092718,10000.0,0.0,0.0,0.0,0.0,10000
264,7182.962864722234,0.0,0.0,0.0,True,0,0,4.02713527776541,-1.0,0.0,0.0,sell,10000.0,1213.9217427890235,10000.0,0.0,0.0,0.0,0.0,10000
265,7196.826829603097,0.0,0.0,0.0,True,0,0,-0.5168296030969941,-1.0,0.0,0.0,sell,10000.0,1226.8555311423788,10000.0,0.0,0.0,0.0,0.0,10000
266,7234.065511121314,0.0,0.0,0.0,True,0,0,-29.455511121313975,-1.0,0.0,0.0,sell,10000.0,1293.7839901516218,10000.0,0.0,0.0,0.0,0.0,10000
267,7175.417605914141,0.0,0.0,0.0,True,0,0,72.14239408585945,-1.0,0.0,0.0,sell,10000.0,1202.608573699219,10000.0,0.0,0.0,0.0,0.0,10000
268,7176.160674678217,0.0,0.0,0.0,True,0,0,12.889325321782962,-1.0,0.0,0.0,sell,10000.0,1200.2243934364924,10000.0,0.0,0.0,0.0,0.0,10000
269,7179.553550150693,0.0,0.0,0.0,True,0,0,7.966449849307537,-1.0,0.0,0.0,sell,10000.0,1208.7638103252139,10000.0,0.0,0.0,0.0,0.0,10000
270,7191.028702184892,0.0,0.0,0.0,True,0,0,1.9712978151083007,-1.0,0.0,0.0,sell,10000.0,1219.6874074766638,10000.0,0.0,0.0,0.0,0.0,10000
271,7153.843680384717,0.0,0.0,0.0,True,0,0,46.1663196152831,-1.0,0.0,0.0,sell,10000.0,1160.5036386019037,10000.0,0.0,0.0,0.0,0.0,10000
272,7135.5371246984905,0.0,0.0,0.0,True,0,0,26.49287530150923,-1.0,0.0,0.0,sell,10000.0,1136.5995044644933,10000.0,0.0,0.0,0.0,0.0,10000
273,7166.178320872738,0.0,0.0,0.0,True,0,0,-19.48832087273877,-1.0,0.0,0.0,sell,10000.0,1178.9225998472884,10000.0,0.0,0.0,0.0,0.0,10000
274,7179.360766771589,0.0,0.0,0.0,True,0,0,-5.510766771588351,-1.0,0.0,0.0,sell,10000.0,1207.6106773876854,10000.0,0.0,0.0,0.0,0.0,10000
275,7204.275458518083,0.0,0.0,0.0,True,0,0,-12.015458518082596,-1.0,0.0,0.0,sell,10000.0,1243.1084724105149,10000.0,0.0,0.0,0.0,0.0,10000
276,7223.643623137883,0.0,0.0,0.0,True,0,0,-8.603623137883005,-1.0,0.0,0.0,sell,10000.0,1272.1237903791298,10000.0,0.0,0.0,0.0,0.0,10000
277,7199.977152600541,0.0,0.0,0.0,True,0,0,33.682847399459206,-1.0,0.0,0.0,sell,10000.0,1236.0182631324697,10000.0,0.0,0.0,0.0,0.0,10000
278,7220.530191622574,0.0,0.0,0.0,True,0,0,-10.040191622574639,-1.0,0.0,0.0,sell,10000.0,1272.1237903791298,10000.0,0.0,0.0,0.0,0.0,10000
279,7269.010515661843,0.0,0.0,0.0,True,0,0,-35.35051566184302,-1.0,0.0,0.0,sell,10000.0,1346.4385333395658,10000.0,0.0,0.0,0.0,0.0,10000
280,7285.738812280572,0.0,0.0,0.0,True,0,0,-4.388812280571983,-1.0,0.0,0.0,sell,10000.0,1375.500599940784,10000.0,0.0,0.0,0.0,0.0,10000
281,7273.083296745483,0.0,0.0,0.0,True,0,0,26.916703254517415,-1.0,0.0,0.0,sell,10000.0,1350.3030869680388,10000.0,0.0,0.0,0.0,0.0,10000
282,7222.526063090658,0.0,0.0,0.0,True,0,0,61.303936909342156,-1.0,0.0,0.0,sell,10000.0,1269.5370327084584,10000.0,0.0,0.0,0.0,0.0,10000
283,7247.348928528576,0.0,0.0,0.0,True,0,0,-15.348928528575925,-1.0,0.0,0.0,sell,10000.0,1312.904180886042,10000.0,0.0,0.0,0.0,0.0,10000
284,7181.256186989275,0.0,0.0,0.0,True,0,0,78.57381301072473,-1.0,0.0,0.0,sell,10000.0,1205.1953313698905,10000.0,0.0,0.0,0.0,0.0,10000
285,7230.273730359759,0.0,0.0,0.0,True,0,0,-39.563730359758665,-1.0,0.0,0.0,sell,10000.0,1278.1543639848514,10000.0,0.0,0.0,0.0,0.0,10000
286,7205.128020289575,0.0,0.0,0.0,True,0,0,32.40197971042471,-1.0,0.0,0.0,sell,10000.0,1241.8618422077816,10000.0,0.0,0.0,0.0,0.0,10000
287,7262.026669863081,0.0,0.0,0.0,True,0,0,-47.78666986308144,-1.0,0.0,0.0,sell,10000.0,1336.527823227836,10000.0,0.0,0.0,0.0,0.0,10000
288,7285.845106961811,0.0,0.0,0.0,True,0,0,-10.855106961811543,-1.0,0.0,0.0,sell,10000.0,1372.9917566577842,10000.0,0.0,0.0,0.0,0.0,10000
289,7298.452583545802,0.0,0.0,0.0,True,0,0,-0.06258354580131709,-1.0,0.0,0.0,sell,10000.0,1389.2758636809867,10000.0,0.0,0.0,0.0,0.0,10000
290,7298.186246987313,0.0,0.0,0.0,True,0,0,10.653753012687048,-1.0,0.0,0.0,sell,10000.0,1391.4886322908387,10000.0,0.0,0.0,0.0,0.0,10000
291,7272.640399778021,0.0,0.0,0.0,True,0,0,37.619600221979454,-1.0,0.0,0.0,sell,10000.0,1350.770573294063,10000.0,0.0,0.0,0.0,0.0,10000
292,7268.728893498029,0.0,0.0,0.0,True,0,0,15.401106501971299,-1.0,0.0,0.0,sell,10000.0,1348.9162108674973,10000.0,0.0,0.0,0.0,0.0,10000
293,7269.335363462244,0.0,0.0,0.0,True,0,0,13.60463653775605,-1.0,0.0,0.0,sell,10000.0,1346.7346080127154,10000.0,0.0,0.0,0.0,0.0,10000
294,7287.645401513355,0.0,0.0,0.0,True,0,0,-6.105401513354991,-1.0,0.0,0.0,sell,10000.0,1378.6327583251514,10000.0,0.0,0.0,0.0,0.0,10000
295,7270.098206116362,0.0,0.0,0.0,True,0,0,31.911793883637984,-1.0,0.0,0.0,sell,10000.0,1347.918906705312,10000.0,0.0,0.0,0.0,0.0,10000
296,7263.509886140685,0.0,0.0,0.0,True,0,0,18.79011385931517,-1.0,0.0,0.0,sell,10000.0,1331.3075592538917,10000.0,0.0,0.0,0.0,0.0,10000
297,7271.194261493561,0.0,0.0,0.0,True,0,0,0.44573850643973856,-1.0,0.0,0.0,sell,10000.0,1346.2203730540878,10000.0,0.0,0.0,0.0,0.0,10000
298,7253.491335862365,0.0,0.0,0.0,True,0,0,27.718664137634732,-1.0,0.0,0.0,sell,10000.0,1317.875118819442,10000.0,0.0,0.0,0.0,0.0,10000
299,7197.070986299882,0.0,0.0,0.0,True,0,0,65.94901370011848,-1.0,0.0,0.0,sell,10000.0,1235.9715144998663,10000.0,0.0,0.0,0.0,0.0,10000
300,7213.516457795789,0.0,0.0,0.0,True,0,0,-3.056457795789356,-1.0,0.0,0.0,sell,10000.0,1258.6290184345435,10000.0,0.0,0.0,0.0,0.0,10000
301,7246.820289056515,0.0,0.0,0.0,True,0,0,-21.82028905651532,-1.0,0.0,0.0,sell,10000.0,1309.1642902778422,10000.0,0.0,0.0,0.0,0.0,10000
302,7242.81473836175,0.0,0.0,0.0,True,0,0,14.615261638250558,-1.0,0.0,0.0,sell,10000.0,1302.2766584077417,10000.0,0.0,0.0,0.0,0.0,10000
303,7236.854431333745,0.0,0.0,0.0,True,0,0,16.15556866625502,-1.0,0.0,0.0,sell,10000.0,1297.9290355757093,10000.0,0.0,0.0,0.0,0.0,10000
304,7212.624766852763,0.0,0.0,0.0,True,0,0,37.595233147237195,-1.0,0.0,0.0,sell,10000.0,1257.242142334002,10000.0,0.0,0.0,0.0,0.0,10000
305,7232.167833187264,0.0,0.0,0.0,True,0,0,-8.057833187263896,-1.0,0.0,0.0,sell,10000.0,1282.8136443675685,10000.0,0.0,0.0,0.0,0.0,10000
306,7216.648271937088,0.0,0.0,0.0,True,0,0,23.871728062912553,-1.0,0.0,0.0,sell,10000.0,1261.12227884001,10000.0,0.0,0.0,0.0,0.0,10000
307,7245.804968856161,0.0,0.0,0.0,True,0,0,-19.20496885616103,-1.0,0.0,0.0,sell,10000.0,1304.6452557929333,10000.0,0.0,0.0,0.0,0.0,10000
308,7275.155777195781,0.0,0.0,0.0,True,0,0,-20.625777195781666,-1.0,0.0,0.0,sell,10000.0,1353.7001542704875,10000.0,0.0,0.0,0.0,0.0,10000
309,7278.577205663454,0.0,0.0,0.0,True,0,0,7.432794336546067,-1.0,0.0,0.0,sell,10000.0,1362.4109828120854,10000.0,0.0,0.0,0.0,0.0,10000
310,7278.135337198721,0.0,0.0,0.0,True,0,0,13.464662801279701,-1.0,0.0,0.0,sell,10000.0,1356.8323126548548,10000.0,0.0,0.0,0.0,0.0,10000
311,7250.185263143291,0.0,0.0,0.0,True,0,0,37.83473685670924,-1.0,0.0,0.0,sell,10000.0,1317.9062845745084,10000.0,0.0,0.0,0.0,0.0,10000
312,7277.270819188568,0.0,0.0,0.0,True,0,0,-14.230819188567693,-1.0,0.0,0.0,sell,10000.0,1353.7001542704875,10000.0,0.0,0.0,0.0,0.0,10000
313,7276.295103708798,0.0,0.0,0.0,True,0,0,9.714896291202422,-1.0,0.0,0.0,sell,10000.0,1351.113396599816,10000.0,0.0,0.0,0.0,0.0,10000
314,7303.315225450311,0.0,0.0,0.0,True,0,0,-18.965225450310754,-1.0,0.0,0.0,sell,10000.0,1400.7292786685975,10000.0,0.0,0.0,0.0,0.0,10000
315,7293.012865159584,0.0,0.0,0.0,True,0,0,23.17713484041542,-1.0,0.0,0.0,sell,10000.0,1383.7595250338927,10000.0,0.0,0.0,0.0,0.0,10000
316,7306.949795423947,0.0,0.0,0.0,True,0,0,-1.6497954239466708,-1.0,0.0,0.0,sell,10000.0,1406.6663550091143,10000.0,0.0,0.0,0.0,0.0,10000
317,7251.63657227849,0.0,0.0,0.0,True,0,0,68.36342772150965,-1.0,0.0,0.0,sell,10000.0,1313.7144905178193,10000.0,0.0,0.0,0.0,0.0,10000
318,7254.735460229351,0.0,0.0,0.0,True,0,0,5.614539770649571,-1.0,0.0,0.0,sell,10000.0,1317.875118819442,10000.0,0.0,0.0,0.0,0.0,10000
319,7257.8512825546495,0.0,0.0,0.0,True,0,0,5.1687174453509215,-1.0,0.0,0.0,sell,10000.0,1328.79871597089,10000.0,0.0,0.0,0.0,0.0,10000
320,7275.983699750714,0.0,0.0,0.0,True,0,0,-5.953699750713895,-1.0,0.0,0.0,sell,10000.0,1351.0043164570761,10000.0,0.0,0.0,0.0,0.0,10000
321,7268.199894643662,0.0,0.0,0.0,True,0,0,16.0801053563373,-1.0,0.0,0.0,sell,10000.0,1344.802331198478,10000.0,0.0,0.0,0.0,0.0,10000
322,7260.01687015602,0.0,0.0,0.0,True,0,0,20.283129843980532,-1.0,0.0,0.0,sell,10000.0,1331.9464572327925,10000.0,0.0,0.0,0.0,0.0,10000
323,7254.463754090241,0.0,0.0,0.0,True,0,0,17.586245909758873,-1.0,0.0,0.0,sell,10000.0,1326.5391987284365,10000.0,0.0,0.0,0.0,0.0,10000
324,7263.917229770051,0.0,0.0,0.0,True,0,0,4.662770229949274,-1.0,0.0,0.0,sell,10000.0,1338.615928817415,10000.0,0.0,0.0,0.0,0.0,10000
325,7281.9110888122395,0.0,0.0,0.0,True,0,0,-5.581088812239614,-1.0,0.0,0.0,sell,10000.0,1365.6989699717942,10000.0,0.0,0.0,0.0,0.0,10000
326,7310.73220111456,0.0,0.0,0.0,True,0,0,-17.02220111455972,-1.0,0.0,0.0,sell,10000.0,1411.621710064981,10000.0,0.0,0.0,0.0,0.0,10000
327,7285.170702044396,0.0,0.0,0.0,True,0,0,38.00929795560387,-1.0,0.0,0.0,sell,10000.0,1373.957895064903,10000.0,0.0,0.0,0.0,0.0,10000
328,7295.890382409225,0.0,0.0,0.0,True,0,0,3.119617590775306,-1.0,0.0,0.0,sell,10000.0,1383.33878734047,10000.0,0.0,0.0,0.0,0.0,10000
329,7312.006120785602,0.0,0.0,0.0,True,0,0,-6.976120785602689,-1.0,0.0,0.0,sell,10000.0,1414.4577937761987,10000.0,0.0,0.0,0.0,0.0,10000
330,7337.20186701637,0.0,0.0,0.0,True,0,0,-12.20186701636976,-1.0,0.0,0.0,sell,10000.0,1445.623548844529,10000.0,0.0,0.0,0.0,0.0,10000
331,7350.685221106776,0.0,0.0,0.0,True,0,0,-5.6852211067762255,-1.0,0.0,0.0,sell,10000.0,1475.0751873841018,10000.0,0.0,0.0,0.0,0.0,10000
332,7358.521519980816,0.0,0.0,0.0,True,0,0,5.378480019183371,-1.0,0.0,0.0,sell,10000.0,1489.2556059401923,10000.0,0.0,0.0,0.0,0.0,10000
333,7360.037306045315,0.0,0.0,0.0,True,0,0,12.962693954685164,-1.0,0.0,0.0,sell,10000.0,1482.928957661321,10000.0,0.0,0.0,0.0,0.0,10000
334,7364.599784519164,0.0,0.0,0.0,True,0,0,4.340215480835468,-1.0,0.0,0.0,sell,10000.0,1496.8756330544002,10000.0,0.0,0.0,0.0,0.0,10000
335,7368.604730872259,0.0,0.0,0.0,True,0,0,9.28526912774123,-1.0,0.0,0.0,sell,10000.0,1497.2496221152196,10000.0,0.0,0.0,0.0,0.0,10000
336,7373.290367811251,0.0,0.0,0.0,True,0,0,4.83963218874942,-1.0,0.0,0.0,sell,10000.0,1512.193601670484,10000.0,0.0,0.0,0.0,0.0,10000
337,7348.297520352543,0.0,0.0,0.0,True,0,0,39.422479647457294,-1.0,0.0,0.0,sell,10000.0,1465.928038271546,10000.0,0.0,0.0,0.0,0.0,10000
338,7344.664751810085,0.0,0.0,0.0,True,0,0,13.365248189914382,-1.0,0.0,0.0,sell,10000.0,1462.7647141321104,10000.0,0.0,0.0,0.0,0.0,10000
339,7355.1416788751185,0.0,0.0,0.0,True,0,0,0.8583211248815132,-1.0,0.0,0.0,sell,10000.0,1477.178875851214,10000.0,0.0,0.0,0.0,0.0,10000
340,7352.06528673863,0.0,0.0,0.0,True,0,0,13.184713261370234,-1.0,0.0,0.0,sell,10000.0,1472.1300235301442,10000.0,0.0,0.0,0.0,0.0,10000
341,7351.378754427429,0.0,0.0,0.0,True,0,0,10.63124557257106,-1.0,0.0,0.0,sell,10000.0,1467.7668178205786,10000.0,0.0,0.0,0.0,0.0,10000
342,7349.964699259342,0.0,0.0,0.0,True,0,0,9.245300740658422,-1.0,0.0,0.0,sell,10000.0,1467.5330746575655,10000.0,0.0,0.0,0.0,0.0,10000
343,7371.614168794303,0.0,0.0,0.0,True,0,0,-12.554168794302313,-1.0,0.0,0.0,sell,10000.0,1498.605332460691,10000.0,0.0,0.0,0.0,0.0,10000
344,7375.7428365492015,0.0,0.0,0.0,True,0,0,3.2571634507985436,-1.0,0.0,0.0,sell,10000.0,1510.2301591011783,10000.0,0.0,0.0,0.0,0.0,10000
345,7364.1616410949555,0.0,0.0,0.0,True,0,0,22.29835890504455,-1.0,0.0,0.0,sell,10000.0,1492.3721814470246,10000.0,0.0,0.0,0.0,0.0,10000
346,7366.5899335315935,0.0,0.0,0.0,True,0,0,8.410066468406512,-1.0,0.0,0.0,sell,10000.0,1499.1195674193186,10000.0,0.0,0.0,0.0,0.0,10000
347,7353.195809336724,0.0,0.0,0.0,True,0,0,26.13419066327606,-1.0,0.0,0.0,sell,10000.0,1480.2019540928413,10000.0,0.0,0.0,0.0,0.0,10000
348,7372.10524998064,0.0,0.0,0.0,True,0,0,-4.91524998064051,-1.0,0.0,0.0,sell,10000.0,1504.4333286584697,10000.0,0.0,0.0,0.0,0.0,10000
349,7371.955966349589,0.0,0.0,0.0,True,0,0,10.784033650410493,-1.0,0.0,0.0,sell,10000.0,1501.8933196203998,10000.0,0.0,0.0,0.0,0.0,10000
350,7354.2596811629855,0.0,0.0,0.0,True,0,0,26.85031883701413,-1.0,0.0,0.0,sell,10000.0,1480.1552054602398,10000.0,0.0,0.0,0.0,0.0,10000
351,7372.755539405021,0.0,0.0,0.0,True,0,0,-5.595539405021555,-1.0,0.0,0.0,sell,10000.0,1504.8384834743574,10000.0,0.0,0.0,0.0,0.0,10000
352,7083.515841995402,0.0,0.0,0.0,True,0,0,299.4841580045977,-1.0,0.0,0.0,sell,10000.0,1051.548158883019,10000.0,0.0,0.0,0.0,0.0,10000
353,6982.361176930446,0.0,0.0,0.0,True,0,0,109.74882306955351,-1.0,0.0,0.0,sell,10000.0,895.9531267043767,10000.0,0.0,0.0,0.0,0.0,10000
354,6983.555842488211,0.0,0.0,0.0,True,0,0,8.704157511789163,-1.0,0.0,0.0,sell,10000.0,895.3921431131457,10000.0,0.0,0.0,0.0,0.0,10000
355,6977.680744881096,0.0,0.0,0.0,True,0,0,14.219255118903675,-1.0,0.0,0.0,sell,10000.0,887.3669611830519,10000.0,0.0,0.0,0.0,0.0,10000
356,7025.734335220281,0.0,0.0,0.0,True,0,0,-38.98433522028063,-1.0,0.0,0.0,sell,10000.0,964.1749645489526,10000.0,0.0,0.0,0.0,0.0,10000
357,7005.6567447766265,0.0,0.0,0.0,True,0,0,30.383255223373453,-1.0,0.0,0.0,sell,10000.0,934.7856575195165,10000.0,0.0,0.0,0.0,0.0,10000
358,6976.538143005715,0.0,0.0,0.0,True,0,0,40.64185699428526,-1.0,0.0,0.0,sell,10000.0,892.462562136725,10000.0,0.0,0.0,0.0,0.0,10000
359,6906.43285634088,0.0,0.0,0.0,True,0,0,83.58714365912056,-1.0,0.0,0.0,sell,10000.0,778.1309896685507,10000.0,0.0,0.0,0.0,0.0,10000
360,6899.814354548715,0.0,0.0,0.0,True,0,0,16.835645451285018,-1.0,0.0,0.0,sell,10000.0,772.1627475729656,10000.0,0.0,0.0,0.0,0.0,10000
361,6911.338440246153,0.0,0.0,0.0,True,0,0,1.4815597538463408,-1.0,0.0,0.0,sell,10000.0,789.0078381873991,10000.0,0.0,0.0,0.0,0.0,10000
362,6904.938718116325,0.0,0.0,0.0,True,0,0,18.6912818836754,-1.0,0.0,0.0,sell,10000.0,772.0692503077607,10000.0,0.0,0.0,0.0,0.0,10000
363,6957.322467638727,0.0,0.0,0.0,True,0,0,-44.56246763872696,-1.0,0.0,0.0,sell,10000.0,858.1490658064904,10000.0,0.0,0.0,0.0,0.0,10000
364,6925.159151212333,0.0,0.0,0.0,True,0,0,42.8408487876668,-1.0,0.0,0.0,sell,10000.0,812.9743038349461,10000.0,0.0,0.0,0.0,0.0,10000
365,6900.3961727547,0.0,0.0,0.0,True,0,0,38.613827245299944,-1.0,0.0,0.0,sell,10000.0,766.8645692113496,10000.0,0.0,0.0,0.0,0.0,10000
366,6686.6325082301155,0.0,0.0,0.0,True,0,0,222.78749176988458,-1.0,0.0,0.0,sell,10000.0,440.527947890856,10000.0,0.0,0.0,0.0,0.0,10000
367,6451.836821272588,0.0,0.0,0.0,True,0,0,248.16317872741183,-1.0,0.0,0.0,sell,10000.0,69.70221121032046,10000.0,0.0,0.0,0.0,0.0,10000
368,6428.222297277039,0.0,0.0,0.0,True,0,0,33.80770272296104,-1.0,0.0,0.0,sell,10000.0,30.651520109702687,10000.0,0.0,0.0,0.0,0.0,10000
369,6463.725801421133,0.0,0.0,0.0,True,0,0,-26.755801421132674,-1.0,0.0,0.0,sell,10000.0,85.22275723434905,10000.0,0.0,0.0,0.0,0.0,10000
370,6434.656602931795,0.0,0.0,0.0,True,0,0,37.33339706820516,-1.0,0.0,0.0,sell,10000.0,42.510089913203046,10000.0,0.0,0.0,0.0,0.0,10000
371,6433.887483448764,0.0,0.0,0.0,True,0,0,10.692516551235713,-1.0,0.0,0.0,sell,10000.0,38.48970750938861,10000.0,0.0,0.0,0.0,0.0,10000
372,6393.61401895968,0.0,0.0,0.0,True,0,0,48.385981040320075,-1.0,0.0,0.0,sell,10000.0,-22.50167515933572,10000.0,0.0,0.0,0.0,0.0,10000
373,6406.052679379101,0.0,0.0,0.0,True,0,0,-3.192679379101719,-1.0,0.0,0.0,sell,10000.0,2.1348542221803655,10000.0,0.0,0.0,0.0,0.0,10000
374,6395.2365369036215,0.0,0.0,0.0,True,0,0,23.433463096378546,-1.0,0.0,0.0,sell,10000.0,-17.795646144017155,10000.0,0.0,0.0,0.0,0.0,10000
375,6423.816386883976,0.0,0.0,0.0,True,0,0,-17.9363868839755,-1.0,0.0,0.0,sell,10000.0,25.97665684945423,10000.0,0.0,0.0,0.0,0.0,10000
376,6384.542548377405,0.0,0.0,0.0,True,0,0,49.42745162259507,-1.0,0.0,0.0,sell,10000.0,-36.370436164743296,10000.0,0.0,0.0,0.0,0.0,10000
377,6367.836867106411,0.0,0.0,0.0,True,0,0,26.123132893589172,-1.0,0.0,0.0,sell,10000.0,-59.292849017499975,10000.0,0.0,0.0,0.0,0.0,10000
378,6395.958279804051,0.0,0.0,0.0,True,0,0,-16.708279804051017,-1.0,0.0,0.0,sell,10000.0,-13.479189067054904,10000.0,0.0,0.0,0.0,0.0,10000
379,6390.552466614809,0.0,0.0,0.0,True,0,0,18.097533385190218,-1.0,0.0,0.0,sell,10000.0,-22.252349118787606,10000.0,0.0,0.0,0.0,0.0,10000
380,6487.4658977906665,0.0,0.0,0.0,True,0,0,-84.4458977906661,-1.0,0.0,0.0,sell,10000.0,127.14069780125647,10000.0,0.0,0.0,0.0,0.0,10000
381,6469.410578026829,0.0,0.0,0.0,True,0,0,29.479421973171156,-1.0,0.0,0.0,sell,10000.0,94.6503981425194,10000.0,0.0,0.0,0.0,0.0,10000
382,6413.215140128436,0.0,0.0,0.0,True,0,0,64.8248598715636,-1.0,0.0,0.0,sell,10000.0,8.118679195300501,10000.0,0.0,0.0,0.0,0.0,10000
383,6417.364699252287,0.0,0.0,0.0,True,0,0,5.145300747713009,-1.0,0.0,0.0,sell,10000.0,17.39049132812761,10000.0,0.0,0.0,0.0,0.0,10000
384,6374.230649094192,0.0,0.0,0.0,True,0,0,54.22935090580813,-1.0,0.0,0.0,sell,10000.0,-53.44926994218804,10000.0,0.0,0.0,0.0,0.0,10000
385,6415.766456904997,0.0,0.0,0.0,True,0,0,-32.76645690499663,-1.0,0.0,0.0,sell,10000.0,11.359917722405953,10000.0,0.0,0.0,0.0,0.0,10000
386,6462.807323959462,0.0,0.0,0.0,True,0,0,-38.21732395946219,-1.0,0.0,0.0,sell,10000.0,89.72620884172466,10000.0,0.0,0.0,0.0,0.0,10000
387,6444.05980061181,0.0,0.0,0.0,True,0,0,30.820199388190304,-1.0,0.0,0.0,sell,10000.0,55.630872796969925,10000.0,0.0,0.0,0.0,0.0,10000
388,6432.744699614054,0.0,0.0,0.0,True,0,0,20.255300385945702,-1.0,0.0,0.0,sell,10000.0,42.323095382793326,10000.0,0.0,0.0,0.0,0.0,10000
389,6464.0574788348895,0.0,0.0,0.0,True,0,0,-19.597478834889444,-1.0,0.0,0.0,sell,10000.0,89.41455129104179,10000.0,0.0,0.0,0.0,0.0,10000
390,6505.9818151629215,0.0,0.0,0.0,True,0,0,-31.30181516292123,-1.0,0.0,0.0,sell,10000.0,153.81858413974624,10000.0,0.0,0.0,0.0,0.0,10000
391,6486.698048659756,0.0,0.0,0.0,True,0,0,29.311951340244377,-1.0,0.0,0.0,sell,10000.0,119.6453337073217,10000.0,0.0,0.0,0.0,0.0,10000
392,6521.157228689167,0.0,0.0,0.0,True,0,0,-27.077228689166986,-1.0,0.0,0.0,sell,10000.0,175.54111542237297,10000.0,0.0,0.0,0.0,0.0,10000
393,6491.015651618756,0.0,0.0,0.0,True,0,0,38.93434838124358,-1.0,0.0,0.0,sell,10000.0,128.839231452479,10000.0,0.0,0.0,0.0,0.0,10000
394,6482.66541475408,0.0,0.0,0.0,True,0,0,17.31458524591926,-1.0,0.0,0.0,sell,10000.0,116.82483287363902,10000.0,0.0,0.0,0.0,0.0,10000
395,6475.5023785298235,0.0,0.0,0.0,True,0,0,16.76762147017689,-1.0,0.0,0.0,sell,10000.0,107.0232029046474,10000.0,0.0,0.0,0.0,0.0,10000
396,6499.508332520977,0.0,0.0,0.0,True,0,0,-13.528332520977528,-1.0,0.0,0.0,sell,10000.0,146.63487759649615,10000.0,0.0,0.0,0.0,0.0,10000
397,6453.891272814377,0.0,0.0,0.0,True,0,0,57.508727185622774,-1.0,0.0,0.0,sell,10000.0,75.76395057111222,10000.0,0.0,0.0,0.0,0.0,10000
398,6477.66487302129,0.0,0.0,0.0,True,0,0,-11.744873021290005,-1.0,0.0,0.0,sell,10000.0,107.75559814875305,10000.0,0.0,0.0,0.0,0.0,10000
399,6437.218783645227,0.0,0.0,0.0,True,0,0,49.231216354773096,-1.0,0.0,0.0,sell,10000.0,46.156483256198044,10000.0,0.0,0.0,0.0,0.0,10000
400,6442.532642906381,0.0,0.0,0.0,True,0,0,4.387357093619357,-1.0,0.0,0.0,sell,10000.0,58.1241332024365,10000.0,0.0,0.0,0.0,0.0,10000
401,6355.244143386954,0.0,0.0,0.0,True,0,0,99.35585661304594,-1.0,0.0,0.0,sell,10000.0,-84.53711062284856,10000.0,0.0,0.0,0.0,0.0,10000
402,6355.373339845315,0.0,0.0,0.0,True,0,0,7.676660154685123,-1.0,0.0,0.0,sell,10000.0,-78.38187399685376,10000.0,0.0,0.0,0.0,0.0,10000
403,6417.286459071025,0.0,0.0,0.0,True,0,0,-50.28645907102509,-1.0,0.0,0.0,sell,10000.0,16.985336512239883,10000.0,0.0,0.0,0.0,0.0,10000
404,6431.472188929066,0.0,0.0,0.0,True,0,0,-3.272188929066033,-1.0,0.0,0.0,sell,10000.0,34.765399778721985,10000.0,0.0,0.0,0.0,0.0,10000
405,6408.864609444987,0.0,0.0,0.0,True,0,0,30.74539055501282,-1.0,0.0,0.0,sell,10000.0,-2.3062658750568517,10000.0,0.0,0.0,0.0,0.0,10000
406,6364.030820217057,0.0,0.0,0.0,True,0,0,51.78917978294248,-1.0,0.0,0.0,sell,10000.0,-64.8403534196641,10000.0,0.0,0.0,0.0,0.0,10000
407,6429.046282094866,0.0,0.0,0.0,True,0,0,-53.3562820948664,-1.0,0.0,0.0,sell,10000.0,33.48760382092041,10000.0,0.0,0.0,0.0,0.0,10000
408,6409.846069478344,0.0,0.0,0.0,True,0,0,28.943930521655602,-1.0,0.0,0.0,sell,10000.0,7.900518909820676,10000.0,0.0,0.0,0.0,0.0,10000
409,6406.092611917005,0.0,0.0,0.0,True,0,0,16.27738808299455,-1.0,0.0,0.0,sell,10000.0,-0.29607467314963287,10000.0,0.0,0.0,0.0,0.0,10000
410,6412.561092017494,0.0,0.0,0.0,True,0,0,4.548907982505625,-1.0,0.0,0.0,sell,10000.0,2.633506303272952,10000.0,0.0,0.0,0.0,0.0,10000
411,6444.447409116344,0.0,0.0,0.0,True,0,0,-25.457409116344024,-1.0,0.0,0.0,sell,10000.0,62.097766973647595,10000.0,0.0,0.0,0.0,0.0,10000
