"date","hits.daily","hits.monthly","adjusted.hits.daily"
2017-01-01,46,6,2.76
2017-01-02,76,6,4.56
2017-01-03,69,6,4.14
2017-01-04,83,6,4.98
2017-01-05,100,6,6
2017-01-06,91,6,5.46
2017-01-07,75,6,4.5
2017-01-08,68,6,4.08
2017-01-09,68,6,4.08
2017-01-10,57,6,3.42
2017-01-11,77,6,4.62
2017-01-12,76,6,4.56
2017-01-13,58,6,3.48
2017-01-14,55,6,3.3
2017-01-15,56,6,3.36
2017-01-16,55,6,3.3
2017-01-17,53,6,3.18
2017-01-18,55,6,3.3
2017-01-19,52,6,3.12
2017-01-20,50,6,3
2017-01-21,49,6,2.94
2017-01-22,50,6,3
2017-01-23,48,6,2.88
2017-01-24,47,6,2.82
2017-01-25,47,6,2.82
2017-01-26,46,6,2.76
2017-01-27,43,6,2.58
2017-01-28,43,6,2.58
2017-01-29,42,6,2.52
2017-01-30,47,6,2.82
2017-01-31,46,6,2.76
2017-02-01,64,6,3.84
2017-02-02,71,6,4.26
2017-02-03,72,6,4.32
2017-02-04,67,6,4.02
2017-02-05,59,6,3.54
2017-02-06,59,6,3.54
2017-02-07,65,6,3.9
2017-02-08,74,6,4.44
2017-02-09,80,6,4.8
2017-02-10,73,6,4.38
2017-02-11,72,6,4.32
2017-02-12,60,6,3.6
2017-02-13,66,6,3.96
2017-02-14,63,6,3.78
2017-02-15,57,6,3.42
2017-02-16,66,6,3.96
2017-02-17,67,6,4.02
2017-02-18,68,6,4.08
2017-02-19,57,6,3.42
2017-02-20,61,6,3.66
2017-02-21,72,6,4.32
2017-02-22,81,6,4.86
2017-02-23,81,6,4.86
2017-02-24,100,6,6
2017-02-25,86,6,5.16
2017-02-26,63,6,3.78
2017-02-27,78,6,4.68
2017-02-28,83,6,4.98
2017-03-01,61,7,4.27
2017-03-02,80,7,5.6
2017-03-03,100,7,7
2017-03-04,71,7,4.97
2017-03-05,66,7,4.62
2017-03-06,73,7,5.11
2017-03-07,69,7,4.83
2017-03-08,80,7,5.6
2017-03-09,76,7,5.32
2017-03-10,99,7,6.93
2017-03-11,87,7,6.09
2017-03-12,61,7,4.27
2017-03-13,65,7,4.55
2017-03-14,65,7,4.55
2017-03-15,67,7,4.69
2017-03-16,63,7,4.41
2017-03-17,68,7,4.76
2017-03-18,75,7,5.25
2017-03-19,62,7,4.34
2017-03-20,68,7,4.76
2017-03-21,63,7,4.41
2017-03-22,64,7,4.48
2017-03-23,58,7,4.06
2017-03-24,61,7,4.27
2017-03-25,69,7,4.83
2017-03-26,61,7,4.27
2017-03-27,63,7,4.41
2017-03-28,59,7,4.13
2017-03-29,58,7,4.06
2017-03-30,53,7,3.71
2017-03-31,51,7,3.57
2017-04-01,77,6,4.62
2017-04-02,80,6,4.8
2017-04-03,85,6,5.1
2017-04-04,94,6,5.64
2017-04-05,88,6,5.28
2017-04-06,78,6,4.68
2017-04-07,81,6,4.86
2017-04-08,82,6,4.92
2017-04-09,81,6,4.86
2017-04-10,83,6,4.98
2017-04-11,89,6,5.34
2017-04-12,81,6,4.86
2017-04-13,85,6,5.1
2017-04-14,87,6,5.22
2017-04-15,73,6,4.38
2017-04-16,75,6,4.5
2017-04-17,75,6,4.5
2017-04-18,88,6,5.28
2017-04-19,84,6,5.04
2017-04-20,72,6,4.32
2017-04-21,80,6,4.8
2017-04-22,73,6,4.38
2017-04-23,74,6,4.44
2017-04-24,80,6,4.8
2017-04-25,81,6,4.86
2017-04-26,97,6,5.82
2017-04-27,89,6,5.34
2017-04-28,100,6,6
2017-04-29,87,6,5.22
2017-04-30,77,6,4.62
2017-05-01,23,14,3.22
2017-05-02,23,14,3.22
2017-05-03,26,14,3.64
2017-05-04,31,14,4.34
2017-05-05,32,14,4.48
2017-05-06,25,14,3.5
2017-05-07,25,14,3.5
2017-05-08,28,14,3.92
2017-05-09,37,14,5.18
2017-05-10,34,14,4.76
2017-05-11,35,14,4.9
2017-05-12,41,14,5.74
2017-05-13,41,14,5.74
2017-05-14,36,14,5.04
2017-05-15,48,14,6.72
2017-05-16,43,14,6.02
2017-05-17,37,14,5.18
2017-05-18,33,14,4.62
2017-05-19,39,14,5.46
2017-05-20,39,14,5.46
2017-05-21,38,14,5.32
2017-05-22,60,14,8.4
2017-05-23,65,14,9.1
2017-05-24,77,14,10.78
2017-05-25,100,14,14
2017-05-26,74,14,10.36
2017-05-27,62,14,8.68
2017-05-28,50,14,7
2017-05-29,48,14,6.72
2017-05-30,49,14,6.86
2017-05-31,46,14,6.44
2017-06-01,90,15,13.5
2017-06-02,71,15,10.65
2017-06-03,64,15,9.6
2017-06-04,66,15,9.9
2017-06-05,76,15,11.4
2017-06-06,100,15,15
2017-06-07,95,15,14.25
2017-06-08,82,15,12.3
2017-06-09,76,15,11.4
2017-06-10,72,15,10.8
2017-06-11,79,15,11.85
2017-06-12,98,15,14.7
2017-06-13,89,15,13.35
2017-06-14,86,15,12.9
2017-06-15,99,15,14.85
2017-06-16,86,15,12.9
2017-06-17,71,15,10.65
2017-06-18,63,15,9.45
2017-06-19,70,15,10.5
2017-06-20,72,15,10.8
2017-06-21,80,15,12
2017-06-22,72,15,10.8
2017-06-23,74,15,11.1
2017-06-24,65,15,9.75
2017-06-25,62,15,9.3
2017-06-26,80,15,12
2017-06-27,88,15,13.2
2017-06-28,88,15,13.2
2017-06-29,72,15,10.8
2017-06-30,62,15,9.3
2017-07-01,73,13,9.49
2017-07-02,72,13,9.36
2017-07-03,69,13,8.97
2017-07-04,70,13,9.1
2017-07-05,71,13,9.23
2017-07-06,72,13,9.36
2017-07-07,72,13,9.36
2017-07-08,65,13,8.45
2017-07-09,69,13,8.97
2017-07-10,75,13,9.75
2017-07-11,85,13,11.05
2017-07-12,86,13,11.18
2017-07-13,83,13,10.79
2017-07-14,75,13,9.75
2017-07-15,88,13,11.44
2017-07-16,96,13,12.48
2017-07-17,96,13,12.48
2017-07-18,98,13,12.74
2017-07-19,88,13,11.44
2017-07-20,100,13,13
2017-07-21,100,13,13
2017-07-22,81,13,10.53
2017-07-23,81,13,10.53
2017-07-24,88,13,11.44
2017-07-25,91,13,11.83
2017-07-26,86,13,11.18
2017-07-27,83,13,10.79
2017-07-28,91,13,11.83
2017-07-29,68,13,8.84
2017-07-30,68,13,8.84
2017-07-31,94,13,12.22
2017-08-01,88,19,16.72
2017-08-02,76,19,14.44
2017-08-03,58,19,11.02
2017-08-04,56,19,10.64
2017-08-05,64,19,12.16
2017-08-06,57,19,10.83
2017-08-07,64,19,12.16
2017-08-08,64,19,12.16
2017-08-09,63,19,11.97
2017-08-10,59,19,11.21
2017-08-11,66,19,12.54
2017-08-12,71,19,13.49
2017-08-13,89,19,16.91
2017-08-14,100,19,19
2017-08-15,100,19,19
2017-08-16,84,19,15.96
2017-08-17,83,19,15.77
2017-08-18,85,19,16.15
2017-08-19,78,19,14.82
2017-08-20,67,19,12.73
2017-08-21,71,19,13.49
2017-08-22,75,19,14.25
2017-08-23,72,19,13.68
2017-08-24,68,19,12.92
2017-08-25,69,19,13.11
2017-08-26,60,19,11.4
2017-08-27,59,19,11.21
2017-08-28,60,19,11.4
2017-08-29,71,19,13.49
2017-08-30,74,19,14.06
2017-08-31,86,19,16.34
2017-09-01,70,20,14
2017-09-02,67,20,13.4
2017-09-03,55,20,11
2017-09-04,68,20,13.6
2017-09-05,73,20,14.6
2017-09-06,64,20,12.8
2017-09-07,60,20,12
2017-09-08,56,20,11.2
2017-09-09,48,20,9.6
2017-09-10,52,20,10.4
2017-09-11,57,20,11.4
2017-09-12,57,20,11.4
2017-09-13,72,20,14.4
2017-09-14,84,20,16.8
2017-09-15,100,20,20
2017-09-16,71,20,14.2
2017-09-17,53,20,10.6
2017-09-18,64,20,12.8
2017-09-19,59,20,11.8
2017-09-20,49,20,9.8
2017-09-21,50,20,10
2017-09-22,49,20,9.8
2017-09-23,42,20,8.4
2017-09-24,39,20,7.8
2017-09-25,44,20,8.8
2017-09-26,40,20,8
2017-09-27,47,20,9.4
2017-09-28,44,20,8.8
2017-09-29,46,20,9.2
2017-09-30,39,20,7.8
2017-10-01,38,21,7.98
2017-10-02,43,21,9.03
2017-10-03,43,21,9.03
2017-10-04,39,21,8.19
2017-10-05,41,21,8.61
2017-10-06,40,21,8.4
2017-10-07,35,21,7.35
2017-10-08,38,21,7.98
2017-10-09,47,21,9.87
2017-10-10,51,21,10.71
2017-10-11,48,21,10.08
2017-10-12,74,21,15.54
2017-10-13,100,21,21
2017-10-14,66,21,13.86
2017-10-15,63,21,13.23
2017-10-16,65,21,13.65
2017-10-17,58,21,12.18
2017-10-18,61,21,12.81
2017-10-19,57,21,11.97
2017-10-20,67,21,14.07
2017-10-21,76,21,15.96
2017-10-22,62,21,13.02
2017-10-23,73,21,15.33
2017-10-24,81,21,17.01
2017-10-25,76,21,15.96
2017-10-26,68,21,14.28
2017-10-27,58,21,12.18
2017-10-28,49,21,10.29
2017-10-29,55,21,11.55
2017-10-30,67,21,14.07
2017-10-31,78,21,16.38
2017-11-01,31,43,13.33
2017-11-02,39,43,16.77
2017-11-03,36,43,15.48
2017-11-04,28,43,12.04
2017-11-05,27,43,11.61
2017-11-06,30,43,12.9
2017-11-07,28,43,12.04
2017-11-08,32,43,13.76
2017-11-09,28,43,12.04
2017-11-10,32,43,13.76
2017-11-11,32,43,13.76
2017-11-12,40,43,17.2
2017-11-13,37,43,15.91
2017-11-14,29,43,12.47
2017-11-15,29,43,12.47
2017-11-16,30,43,12.9
2017-11-17,33,43,14.19
2017-11-18,25,43,10.75
2017-11-19,24,43,10.32
2017-11-20,31,43,13.33
2017-11-21,34,43,14.62
2017-11-22,30,43,12.9
2017-11-23,28,43,12.04
2017-11-24,26,43,11.18
2017-11-25,26,43,11.18
2017-11-26,41,43,17.63
2017-11-27,55,43,23.65
2017-11-28,65,43,27.95
2017-11-29,100,43,43
2017-11-30,84,43,36.12
2017-12-01,39,100,39
2017-12-02,32,100,32
2017-12-03,31,100,31
2017-12-04,37,100,37
2017-12-05,36,100,36
2017-12-06,49,100,49
2017-12-07,100,100,100
2017-12-08,87,100,87
2017-12-09,61,100,61
2017-12-10,58,100,58
2017-12-11,66,100,66
2017-12-12,63,100,63
2017-12-13,56,100,56
2017-12-14,51,100,51
2017-12-15,45,100,45
2017-12-16,43,100,43
2017-12-17,49,100,49
2017-12-18,51,100,51
2017-12-19,51,100,51
2017-12-20,70,100,70
2017-12-21,55,100,55
2017-12-22,99,100,99
2017-12-23,67,100,67
2017-12-24,48,100,48
2017-12-25,42,100,42
2017-12-26,42,100,42
2017-12-27,39,100,39
2017-12-28,42,100,42
2017-12-29,36,100,36
2017-12-30,34,100,34
2017-12-31,29,100,29
2018-01-01,48,54,25.92
2018-01-02,56,54,30.24
2018-01-03,58,54,31.32
2018-01-04,55,54,29.7
2018-01-05,52,54,28.08
2018-01-06,45,54,24.3
2018-01-07,48,54,25.92
2018-01-08,53,54,28.62
2018-01-09,50,54,27
2018-01-10,52,54,28.08
2018-01-11,59,54,31.86
2018-01-12,48,54,25.92
2018-01-13,42,54,22.68
2018-01-14,37,54,19.98
2018-01-15,40,54,21.6
2018-01-16,75,54,40.5
2018-01-17,100,54,54
2018-01-18,71,54,38.34
2018-01-19,52,54,28.08
2018-01-20,43,54,23.22
2018-01-21,39,54,21.06
2018-01-22,46,54,24.84
2018-01-23,45,54,24.3
2018-01-24,43,54,23.22
2018-01-25,39,54,21.06
2018-01-26,41,54,22.14
2018-01-27,34,54,18.36
2018-01-28,31,54,16.74
2018-01-29,34,54,18.36
2018-01-30,37,54,19.98
2018-01-31,41,54,22.14
2018-02-01,58,40,23.2
2018-02-02,78,40,31.2
2018-02-03,51,40,20.4
2018-02-04,45,40,18
2018-02-05,76,40,30.4
2018-02-06,100,40,40
2018-02-07,62,40,24.8
2018-02-08,54,40,21.6
2018-02-09,49,40,19.6
2018-02-10,36,40,14.4
2018-02-11,34,40,13.6
2018-02-12,40,40,16
2018-02-13,34,40,13.6
2018-02-14,36,40,14.4
2018-02-15,39,40,15.6
2018-02-16,36,40,14.4
2018-02-17,30,40,12
2018-02-18,34,40,13.6
2018-02-19,32,40,12.8
2018-02-20,35,40,14
2018-02-21,34,40,13.6
2018-02-22,31,40,12.4
2018-02-23,28,40,11.2
2018-02-24,24,40,9.6
2018-02-25,22,40,8.8
2018-02-26,26,40,10.4
2018-02-27,28,40,11.2
2018-02-28,26,40,10.4
2018-03-01,88,23,20.24
2018-03-02,83,23,19.09
2018-03-03,79,23,18.17
2018-03-04,75,23,17.25
2018-03-05,84,23,19.32
2018-03-06,85,23,19.55
2018-03-07,93,23,21.39
2018-03-08,90,23,20.7
2018-03-09,99,23,22.77
2018-03-10,80,23,18.4
2018-03-11,75,23,17.25
2018-03-12,85,23,19.55
2018-03-13,80,23,18.4
2018-03-14,95,23,21.85
2018-03-15,100,23,23
2018-03-16,88,23,20.24
2018-03-17,74,23,17.02
2018-03-18,91,23,20.93
2018-03-19,93,23,21.39
2018-03-20,84,23,19.32
2018-03-21,78,23,17.94
2018-03-22,81,23,18.63
2018-03-23,74,23,17.02
2018-03-24,61,23,14.03
2018-03-25,66,23,15.18
2018-03-26,82,23,18.86
2018-03-27,81,23,18.63
2018-03-28,74,23,17.02
2018-03-29,83,23,19.09
2018-03-30,96,23,22.08
2018-03-31,73,23,16.79
2018-04-01,91,18,16.38
2018-04-02,100,18,18
2018-04-03,99,18,17.82
2018-04-04,90,18,16.2
2018-04-05,90,18,16.2
2018-04-06,100,18,18
2018-04-07,81,18,14.58
2018-04-08,77,18,13.86
2018-04-09,89,18,16.02
2018-04-10,90,18,16.2
2018-04-11,82,18,14.76
2018-04-12,96,18,17.28
2018-04-13,97,18,17.46
2018-04-14,72,18,12.96
2018-04-15,73,18,13.14
2018-04-16,80,18,14.4
2018-04-17,82,18,14.76
2018-04-18,81,18,14.58
2018-04-19,80,18,14.4
2018-04-20,82,18,14.76
2018-04-21,72,18,12.96
2018-04-22,72,18,12.96
2018-04-23,81,18,14.58
2018-04-24,94,18,16.92
2018-04-25,91,18,16.38
2018-04-26,70,18,12.6
2018-04-27,75,18,13.5
2018-04-28,67,18,12.06
2018-04-29,63,18,11.34
2018-04-30,75,18,13.5
2018-05-01,92,14,12.88
2018-05-02,92,14,12.88
2018-05-03,91,14,12.74
2018-05-04,88,14,12.32
2018-05-05,90,14,12.6
2018-05-06,90,14,12.6
2018-05-07,97,14,13.58
2018-05-08,92,14,12.88
2018-05-09,86,14,12.04
2018-05-10,87,14,12.18
2018-05-11,100,14,14
2018-05-12,88,14,12.32
2018-05-13,80,14,11.2
2018-05-14,92,14,12.88
2018-05-15,81,14,11.34
2018-05-16,81,14,11.34
2018-05-17,84,14,11.76
2018-05-18,75,14,10.5
2018-05-19,67,14,9.38
2018-05-20,69,14,9.66
2018-05-21,77,14,10.78
2018-05-22,90,14,12.6
2018-05-23,99,14,13.86
2018-05-24,93,14,13.02
2018-05-25,82,14,11.48
2018-05-26,73,14,10.22
2018-05-27,73,14,10.22
2018-05-28,81,14,11.34
2018-05-29,85,14,11.9
2018-05-30,82,14,11.48
2018-05-31,74,14,10.36
2018-06-01,58,13,7.54
2018-06-02,64,13,8.32
2018-06-03,61,13,7.93
2018-06-04,69,13,8.97
2018-06-05,70,13,9.1
2018-06-06,69,13,8.97
2018-06-07,63,13,8.19
2018-06-08,63,13,8.19
2018-06-09,57,13,7.41
2018-06-10,73,13,9.49
2018-06-11,100,13,13
2018-06-12,86,13,11.18
2018-06-13,93,13,12.09
2018-06-14,81,13,10.53
2018-06-15,71,13,9.23
2018-06-16,58,13,7.54
2018-06-17,61,13,7.93
2018-06-18,74,13,9.62
2018-06-19,69,13,8.97
2018-06-20,66,13,8.58
2018-06-21,67,13,8.71
2018-06-22,73,13,9.49
2018-06-23,66,13,8.58
2018-06-24,77,13,10.01
2018-06-25,70,13,9.1
2018-06-26,70,13,9.1
2018-06-27,64,13,8.32
2018-06-28,67,13,8.71
2018-06-29,84,13,10.92
2018-06-30,73,13,9.49
2018-07-01,68,13,8.84
2018-07-02,76,13,9.88
2018-07-03,76,13,9.88
2018-07-04,68,13,8.84
2018-07-05,71,13,9.23
2018-07-06,69,13,8.97
2018-07-07,54,13,7.02
2018-07-08,60,13,7.8
2018-07-09,65,13,8.45
2018-07-10,69,13,8.97
2018-07-11,65,13,8.45
2018-07-12,66,13,8.58
2018-07-13,68,13,8.84
2018-07-14,59,13,7.67
2018-07-15,58,13,7.54
2018-07-16,64,13,8.32
2018-07-17,91,13,11.83
2018-07-18,98,13,12.74
2018-07-19,85,13,11.05
2018-07-20,77,13,10.01
2018-07-21,68,13,8.84
2018-07-22,66,13,8.58
2018-07-23,74,13,9.62
2018-07-24,97,13,12.61
2018-07-25,100,13,13
2018-07-26,89,13,11.57
2018-07-27,80,13,10.4
2018-07-28,69,13,8.97
2018-07-29,62,13,8.06
2018-07-30,70,13,9.1
2018-07-31,75,13,9.75
2018-08-01,79,12,9.48
2018-08-02,78,12,9.36
2018-08-03,82,12,9.84
2018-08-04,71,12,8.52
2018-08-05,73,12,8.76
2018-08-06,76,12,9.12
2018-08-07,83,12,9.96
2018-08-08,95,12,11.4
2018-08-09,85,12,10.2
2018-08-10,80,12,9.6
2018-08-11,84,12,10.08
2018-08-12,76,12,9.12
2018-08-13,86,12,10.32
2018-08-14,100,12,12
2018-08-15,93,12,11.16
2018-08-16,81,12,9.72
2018-08-17,79,12,9.48
2018-08-18,65,12,7.8
2018-08-19,71,12,8.52
2018-08-20,76,12,9.12
2018-08-21,77,12,9.24
2018-08-22,86,12,10.32
2018-08-23,83,12,9.96
2018-08-24,75,12,9
2018-08-25,65,12,7.8
2018-08-26,60,12,7.2
2018-08-27,70,12,8.4
2018-08-28,84,12,10.08
2018-08-29,80,12,9.6
2018-08-30,79,12,9.48
2018-08-31,79,12,9.48
2018-09-01,57,12,6.84
2018-09-02,66,12,7.92
2018-09-03,68,12,8.16
2018-09-04,74,12,8.88
2018-09-05,86,12,10.32
2018-09-06,100,12,12
2018-09-07,77,12,9.24
2018-09-08,65,12,7.8
2018-09-09,63,12,7.56
2018-09-10,73,12,8.76
2018-09-11,70,12,8.4
2018-09-12,80,12,9.6
2018-09-13,76,12,9.12
2018-09-14,70,12,8.4
2018-09-15,63,12,7.56
2018-09-16,55,12,6.6
2018-09-17,66,12,7.92
2018-09-18,59,12,7.08
2018-09-19,61,12,7.32
2018-09-20,67,12,8.04
2018-09-21,72,12,8.64
2018-09-22,62,12,7.44
2018-09-23,56,12,6.72
2018-09-24,61,12,7.32
2018-09-25,64,12,7.68
2018-09-26,61,12,7.32
2018-09-27,63,12,7.56
2018-09-28,62,12,7.44
2018-09-29,51,12,6.12
2018-09-30,52,12,6.24
2018-10-01,81,10,8.1
2018-10-02,74,10,7.4
2018-10-03,73,10,7.3
2018-10-04,75,10,7.5
2018-10-05,75,10,7.5
2018-10-06,67,10,6.7
2018-10-07,64,10,6.4
2018-10-08,81,10,8.1
2018-10-09,75,10,7.5
2018-10-10,85,10,8.5
2018-10-11,100,10,10
2018-10-12,88,10,8.8
2018-10-13,72,10,7.2
2018-10-14,63,10,6.3
2018-10-15,86,10,8.6
2018-10-16,85,10,8.5
2018-10-17,81,10,8.1
2018-10-18,76,10,7.6
2018-10-19,73,10,7.3
2018-10-20,66,10,6.6
2018-10-21,67,10,6.7
2018-10-22,80,10,8
2018-10-23,79,10,7.9
2018-10-24,78,10,7.8
2018-10-25,73,10,7.3
2018-10-26,79,10,7.9
2018-10-27,63,10,6.3
2018-10-28,59,10,5.9
2018-10-29,79,10,7.9
2018-10-30,74,10,7.4
2018-10-31,77,10,7.7
2018-11-01,43,13,5.59
2018-11-02,39,13,5.07
2018-11-03,33,13,4.29
2018-11-04,35,13,4.55
2018-11-05,46,13,5.98
2018-11-06,45,13,5.85
2018-11-07,41,13,5.33
2018-11-08,39,13,5.07
2018-11-09,42,13,5.46
2018-11-10,32,13,4.16
2018-11-11,33,13,4.29
2018-11-12,42,13,5.46
2018-11-13,40,13,5.2
2018-11-14,63,13,8.19
2018-11-15,73,13,9.49
2018-11-16,58,13,7.54
2018-11-17,43,13,5.59
2018-11-18,44,13,5.72
2018-11-19,67,13,8.71
2018-11-20,100,13,13
2018-11-21,78,13,10.14
2018-11-22,61,13,7.93
2018-11-23,60,13,7.8
2018-11-24,56,13,7.28
2018-11-25,86,13,11.18
2018-11-26,86,13,11.18
2018-11-27,79,13,10.27
2018-11-28,70,13,9.1
2018-11-29,63,13,8.19
2018-11-30,59,13,7.67
2018-12-01,63,13,8.19
2018-12-02,60,13,7.8
2018-12-03,71,13,9.23
2018-12-04,74,13,9.62
2018-12-05,72,13,9.36
2018-12-06,83,13,10.79
2018-12-07,100,13,13
2018-12-08,77,13,10.01
2018-12-09,72,13,9.36
2018-12-10,77,13,10.01
2018-12-11,72,13,9.36
2018-12-12,66,13,8.58
2018-12-13,69,13,8.97
2018-12-14,77,13,10.01
2018-12-15,70,13,9.1
2018-12-16,67,13,8.71
2018-12-17,76,13,9.88
2018-12-18,76,13,9.88
2018-12-19,85,13,11.05
2018-12-20,85,13,11.05
2018-12-21,79,13,10.27
2018-12-22,67,13,8.71
2018-12-23,59,13,7.67
2018-12-24,69,13,8.97
2018-12-25,71,13,9.23
2018-12-26,65,13,8.45
2018-12-27,71,13,9.23
2018-12-28,69,13,8.97
2018-12-29,59,13,7.67
2018-12-30,53,13,6.89
2018-12-31,61,13,7.93
2019-01-01,73,10,7.3
2019-01-02,87,10,8.7
2019-01-03,92,10,9.2
2019-01-04,84,10,8.4
2019-01-05,70,10,7
2019-01-06,73,10,7.3
2019-01-07,85,10,8.5
2019-01-08,75,10,7.5
2019-01-09,85,10,8.5
2019-01-10,100,10,10
2019-01-11,86,10,8.6
2019-01-12,70,10,7
2019-01-13,69,10,6.9
2019-01-14,85,10,8.5
2019-01-15,77,10,7.7
2019-01-16,78,10,7.8
2019-01-17,73,10,7.3
2019-01-18,76,10,7.6
2019-01-19,62,10,6.2
2019-01-20,61,10,6.1
2019-01-21,68,10,6.8
2019-01-22,71,10,7.1
2019-01-23,67,10,6.7
2019-01-24,70,10,7
2019-01-25,67,10,6.7
2019-01-26,66,10,6.6
2019-01-27,58,10,5.8
2019-01-28,75,10,7.5
2019-01-29,74,10,7.4
2019-01-30,73,10,7.3
2019-01-31,74,10,7.4
2019-02-01,78,10,7.8
2019-02-02,71,10,7.1
2019-02-03,64,10,6.4
2019-02-04,80,10,8
2019-02-05,95,10,9.5
2019-02-06,91,10,9.1
2019-02-07,84,10,8.4
2019-02-08,89,10,8.9
2019-02-09,84,10,8.4
2019-02-10,72,10,7.2
2019-02-11,85,10,8.5
2019-02-12,84,10,8.4
2019-02-13,80,10,8
2019-02-14,82,10,8.2
2019-02-15,72,10,7.2
2019-02-16,70,10,7
2019-02-17,67,10,6.7
2019-02-18,90,10,9
2019-02-19,100,10,10
2019-02-20,97,10,9.7
2019-02-21,91,10,9.1
2019-02-22,85,10,8.5
2019-02-23,85,10,8.5
2019-02-24,99,10,9.9
2019-02-25,86,10,8.6
2019-02-26,86,10,8.6
2019-02-27,79,10,7.9
2019-02-28,81,10,8.1
2019-03-01,93,9,8.37
2019-03-02,81,9,7.29
2019-03-03,74,9,6.66
2019-03-04,88,9,7.92
2019-03-05,92,9,8.28
2019-03-06,98,9,8.82
2019-03-07,80,9,7.2
2019-03-08,87,9,7.83
2019-03-09,86,9,7.74
2019-03-10,83,9,7.47
2019-03-11,88,9,7.92
2019-03-12,87,9,7.83
2019-03-13,81,9,7.29
2019-03-14,79,9,7.11
2019-03-15,84,9,7.56
2019-03-16,81,9,7.29
2019-03-17,79,9,7.11
2019-03-18,96,9,8.64
2019-03-19,91,9,8.19
2019-03-20,100,9,9
2019-03-21,96,9,8.64
2019-03-22,88,9,7.92
2019-03-23,73,9,6.57
2019-03-24,74,9,6.66
2019-03-25,85,9,7.65
2019-03-26,89,9,8.01
2019-03-27,88,9,7.92
2019-03-28,89,9,8.01
2019-03-29,93,9,8.37
2019-03-30,82,9,7.38
2019-03-31,77,9,6.93
2019-04-01,41,12,4.92
2019-04-02,94,12,11.28
2019-04-03,100,12,12
2019-04-04,74,12,8.88
2019-04-05,59,12,7.08
2019-04-06,56,12,6.72
2019-04-07,55,12,6.6
2019-04-08,63,12,7.56
2019-04-09,60,12,7.2
2019-04-10,62,12,7.44
2019-04-11,60,12,7.2
2019-04-12,55,12,6.6
2019-04-13,46,12,5.52
2019-04-14,46,12,5.52
2019-04-15,50,12,6
2019-04-16,52,12,6.24
2019-04-17,56,12,6.72
2019-04-18,53,12,6.36
2019-04-19,55,12,6.6
2019-04-20,51,12,6.12
2019-04-21,47,12,5.64
2019-04-22,51,12,6.12
2019-04-23,64,12,7.68
2019-04-24,61,12,7.32
2019-04-25,58,12,6.96
2019-04-26,57,12,6.84
2019-04-27,46,12,5.52
2019-04-28,46,12,5.52
2019-04-29,48,12,5.76
2019-04-30,50,12,6
2019-05-01,36,16,5.76
2019-05-02,38,16,6.08
2019-05-03,49,16,7.84
2019-05-04,44,16,7.04
2019-05-05,41,16,6.56
2019-05-06,41,16,6.56
2019-05-07,48,16,7.68
2019-05-08,45,16,7.2
2019-05-09,55,16,8.8
2019-05-10,60,16,9.6
2019-05-11,71,16,11.36
2019-05-12,76,16,12.16
2019-05-13,86,16,13.76
2019-05-14,100,16,16
2019-05-15,88,16,14.08
2019-05-16,77,16,12.32
2019-05-17,78,16,12.48
2019-05-18,63,16,10.08
2019-05-19,64,16,10.24
2019-05-20,67,16,10.72
2019-05-21,68,16,10.88
2019-05-22,62,16,9.92
2019-05-23,56,16,8.96
2019-05-24,54,16,8.64
2019-05-25,50,16,8
2019-05-26,51,16,8.16
2019-05-27,76,16,12.16
2019-05-28,70,16,11.2
2019-05-29,64,16,10.24
2019-05-30,70,16,11.2
2019-05-31,64,16,10.24
2019-06-01,29,18,5.22
2019-06-02,30,18,5.4
2019-06-03,32,18,5.76
2019-06-04,38,18,6.84
2019-06-05,32,18,5.76
2019-06-06,29,18,5.22
2019-06-07,32,18,5.76
2019-06-08,27,18,4.86
2019-06-09,24,18,4.32
2019-06-10,27,18,4.86
2019-06-11,29,18,5.22
2019-06-12,29,18,5.22
2019-06-13,29,18,5.22
2019-06-14,30,18,5.4
2019-06-15,32,18,5.76
2019-06-16,39,18,7.02
2019-06-17,41,18,7.38
2019-06-18,39,18,7.02
2019-06-19,36,18,6.48
2019-06-20,39,18,7.02
2019-06-21,42,18,7.56
2019-06-22,64,18,11.52
2019-06-23,49,18,8.82
2019-06-24,54,18,9.72
2019-06-25,57,18,10.26
2019-06-26,100,18,18
2019-06-27,82,18,14.76
2019-06-28,63,18,11.34
2019-06-29,47,18,8.46
2019-06-30,42,18,7.56
2019-07-01,100,18,18
2019-07-02,94,18,16.92
2019-07-03,92,18,16.56
2019-07-04,86,18,15.48
2019-07-05,78,18,14.04
2019-07-06,65,18,11.7
2019-07-07,62,18,11.16
2019-07-08,79,18,14.22
2019-07-09,89,18,16.02
2019-07-10,89,18,16.02
2019-07-11,90,18,16.2
2019-07-12,81,18,14.58
2019-07-13,69,18,12.42
2019-07-14,69,18,12.42
2019-07-15,84,18,15.12
2019-07-16,86,18,15.48
2019-07-17,92,18,16.56
2019-07-18,78,18,14.04
2019-07-19,71,18,12.78
2019-07-20,62,18,11.16
2019-07-21,59,18,10.62
2019-07-22,64,18,11.52
2019-07-23,65,18,11.7
2019-07-24,64,18,11.52
2019-07-25,68,18,12.24
2019-07-26,61,18,10.98
2019-07-27,58,18,10.44
2019-07-28,56,18,10.08
2019-07-29,63,18,11.34
2019-07-30,60,18,10.8
2019-07-31,66,18,11.88
2019-08-01,70,15,10.5
2019-08-02,70,15,10.5
2019-08-03,67,15,10.05
2019-08-04,68,15,10.2
2019-08-05,92,15,13.8
2019-08-06,100,15,15
2019-08-07,86,15,12.9
2019-08-08,80,15,12
2019-08-09,74,15,11.1
2019-08-10,66,15,9.9
2019-08-11,57,15,8.55
2019-08-12,68,15,10.2
2019-08-13,75,15,11.25
2019-08-14,76,15,11.4
2019-08-15,83,15,12.45
2019-08-16,71,15,10.65
2019-08-17,58,15,8.7
2019-08-18,61,15,9.15
2019-08-19,73,15,10.95
2019-08-20,70,15,10.5
2019-08-21,72,15,10.8
2019-08-22,67,15,10.05
2019-08-23,68,15,10.2
2019-08-24,56,15,8.4
2019-08-25,54,15,8.1
2019-08-26,63,15,9.45
2019-08-27,61,15,9.15
2019-08-28,61,15,9.15
2019-08-29,70,15,10.5
2019-08-30,62,15,9.3
2019-08-31,54,15,8.1
2019-09-01,66,12,7.92
2019-09-02,76,12,9.12
2019-09-03,85,12,10.2
2019-09-04,82,12,9.84
2019-09-05,75,12,9
2019-09-06,78,12,9.36
2019-09-07,69,12,8.28
2019-09-08,62,12,7.44
2019-09-09,68,12,8.16
2019-09-10,67,12,8.04
2019-09-11,66,12,7.92
2019-09-12,68,12,8.16
2019-09-13,63,12,7.56
2019-09-14,61,12,7.32
2019-09-15,62,12,7.44
2019-09-16,61,12,7.32
2019-09-17,60,12,7.2
2019-09-18,66,12,7.92
2019-09-19,68,12,8.16
2019-09-20,68,12,8.16
2019-09-21,54,12,6.48
2019-09-22,57,12,6.84
2019-09-23,65,12,7.8
2019-09-24,84,12,10.08
2019-09-25,100,12,12
2019-09-26,95,12,11.4
2019-09-27,89,12,10.68
2019-09-28,71,12,8.52
2019-09-29,68,12,8.16
2019-09-30,77,12,9.24
2019-10-01,69,11,7.59
2019-10-02,64,11,7.04
2019-10-03,65,11,7.15
2019-10-04,58,11,6.38
2019-10-05,53,11,5.83
2019-10-06,56,11,6.16
2019-10-07,68,11,7.48
2019-10-08,61,11,6.71
2019-10-09,65,11,7.15
2019-10-10,64,11,7.04
2019-10-11,55,11,6.05
2019-10-12,51,11,5.61
2019-10-13,50,11,5.5
2019-10-14,62,11,6.82
2019-10-15,54,11,5.94
2019-10-16,59,11,6.49
2019-10-17,57,11,6.27
2019-10-18,60,11,6.6
2019-10-19,51,11,5.61
2019-10-20,53,11,5.83
2019-10-21,57,11,6.27
2019-10-22,59,11,6.49
2019-10-23,66,11,7.26
2019-10-24,64,11,7.04
2019-10-25,71,11,7.81
2019-10-26,100,11,11
2019-10-27,68,11,7.48
2019-10-28,80,11,8.8
2019-10-29,75,11,8.25
2019-10-30,72,11,7.92
2019-10-31,61,11,6.71
2019-11-01,70,11,7.7
2019-11-02,62,11,6.82
2019-11-03,67,11,7.37
2019-11-04,63,11,6.93
2019-11-05,70,11,7.7
2019-11-06,65,11,7.15
2019-11-07,68,11,7.48
2019-11-08,67,11,7.37
2019-11-09,61,11,6.71
2019-11-10,55,11,6.05
2019-11-11,69,11,7.59
2019-11-12,69,11,7.59
2019-11-13,70,11,7.7
2019-11-14,59,11,6.49
2019-11-15,60,11,6.6
2019-11-16,58,11,6.38
2019-11-17,57,11,6.27
2019-11-18,65,11,7.15
2019-11-19,69,11,7.59
2019-11-20,67,11,7.37
2019-11-21,75,11,8.25
2019-11-22,87,11,9.57
2019-11-23,75,11,8.25
2019-11-24,67,11,7.37
2019-11-25,100,11,11
2019-11-26,84,11,9.24
2019-11-27,78,11,8.58
2019-11-28,72,11,7.92
2019-11-29,63,11,6.93
2019-11-30,63,11,6.93
2019-12-01,74,10,7.4
2019-12-02,87,10,8.7
2019-12-03,81,10,8.1
2019-12-04,89,10,8.9
2019-12-05,82,10,8.2
2019-12-06,81,10,8.1
2019-12-07,79,10,7.9
2019-12-08,71,10,7.1
2019-12-09,76,10,7.6
2019-12-10,79,10,7.9
2019-12-11,78,10,7.8
2019-12-12,80,10,8
2019-12-13,72,10,7.2
2019-12-14,80,10,8
2019-12-15,75,10,7.5
2019-12-16,83,10,8.3
2019-12-17,100,10,10
2019-12-18,98,10,9.8
2019-12-19,94,10,9.4
2019-12-20,84,10,8.4
2019-12-21,72,10,7.2
2019-12-22,74,10,7.4
2019-12-23,91,10,9.1
2019-12-24,74,10,7.4
2019-12-25,72,10,7.2
2019-12-26,83,10,8.3
2019-12-27,73,10,7.3
2019-12-28,83,10,8.3
2019-12-29,71,10,7.1
2019-12-30,74,10,7.4
2019-12-31,81,10,8.1
2020-01-01,57,12,6.84
2020-01-02,62,12,7.44
2020-01-03,70,12,8.4
2020-01-04,66,12,7.92
2020-01-05,65,12,7.8
2020-01-06,71,12,8.52
2020-01-07,92,12,11.04
2020-01-08,100,12,12
2020-01-09,77,12,9.24
2020-01-10,77,12,9.24
2020-01-11,71,12,8.52
2020-01-12,64,12,7.68
2020-01-13,68,12,8.16
2020-01-14,94,12,11.28
2020-01-15,93,12,11.16
2020-01-16,78,12,9.36
2020-01-17,81,12,9.72
2020-01-18,77,12,9.24
2020-01-19,80,12,9.6
2020-01-20,76,12,9.12
2020-01-21,74,12,8.88
2020-01-22,70,12,8.4
2020-01-23,70,12,8.4
2020-01-24,67,12,8.04
2020-01-25,57,12,6.84
2020-01-26,56,12,6.72
2020-01-27,68,12,8.16
2020-01-28,80,12,9.6
2020-01-29,85,12,10.2
2020-01-30,86,12,10.32
2020-01-31,82,12,9.84
2020-02-01,71,13,9.23
2020-02-02,70,13,9.1
2020-02-03,68,13,8.84
2020-02-04,81,13,10.53
2020-02-05,83,13,10.79
2020-02-06,88,13,11.44
2020-02-07,85,13,11.05
2020-02-08,76,13,9.88
2020-02-09,96,13,12.48
2020-02-10,85,13,11.05
2020-02-11,87,13,11.31
2020-02-12,100,13,13
2020-02-13,88,13,11.44
2020-02-14,86,13,11.18
2020-02-15,75,13,9.75
2020-02-16,74,13,9.62
2020-02-17,77,13,10.01
2020-02-18,82,13,10.66
2020-02-19,79,13,10.27
2020-02-20,81,13,10.53
2020-02-21,72,13,9.36
2020-02-22,69,13,8.97
2020-02-23,72,13,9.36
2020-02-24,83,13,10.79
2020-02-25,79,13,10.27
2020-02-26,84,13,10.92
2020-02-27,82,13,10.66
2020-02-28,84,13,10.92
2020-02-29,71,13,9.23
2020-03-01,30,19,5.7
2020-03-02,33,19,6.27
2020-03-03,33,19,6.27
2020-03-04,32,19,6.08
2020-03-05,36,19,6.84
2020-03-06,37,19,7.03
2020-03-07,31,19,5.89
2020-03-08,30,19,5.7
2020-03-09,56,19,10.64
2020-03-10,45,19,8.55
2020-03-11,37,19,7.03
2020-03-12,74,19,14.06
2020-03-13,100,19,19
2020-03-14,66,19,12.54
2020-03-15,60,19,11.4
2020-03-16,74,19,14.06
2020-03-17,61,19,11.59
2020-03-18,62,19,11.78
2020-03-19,63,19,11.97
2020-03-20,64,19,12.16
2020-03-21,51,19,9.69
2020-03-22,46,19,8.74
2020-03-23,51,19,9.69
2020-03-24,54,19,10.26
2020-03-25,47,19,8.93
2020-03-26,43,19,8.17
2020-03-27,39,19,7.41
2020-03-28,43,19,8.17
2020-03-29,41,19,7.79
2020-03-30,40,19,7.6
2020-03-31,38,19,7.22
2020-04-01,62,16,9.92
2020-04-02,66,16,10.56
2020-04-03,62,16,9.92
2020-04-04,60,16,9.6
2020-04-05,56,16,8.96
2020-04-06,68,16,10.88
2020-04-07,68,16,10.88
2020-04-08,62,16,9.92
2020-04-09,60,16,9.6
2020-04-10,66,16,10.56
2020-04-11,56,16,8.96
2020-04-12,59,16,9.44
2020-04-13,59,16,9.44
2020-04-14,61,16,9.76
2020-04-15,61,16,9.76
2020-04-16,65,16,10.4
2020-04-17,59,16,9.44
2020-04-18,57,16,9.12
2020-04-19,56,16,8.96
2020-04-20,56,16,8.96
2020-04-21,61,16,9.76
2020-04-22,56,16,8.96
2020-04-23,62,16,9.92
2020-04-24,61,16,9.76
2020-04-25,63,16,10.08
2020-04-26,63,16,10.08
2020-04-27,63,16,10.08
2020-04-28,63,16,10.08
2020-04-29,88,16,14.08
2020-04-30,100,16,16
2020-05-01,57,19,10.83
2020-05-02,53,19,10.07
2020-05-03,56,19,10.64
2020-05-04,54,19,10.26
2020-05-05,52,19,9.88
2020-05-06,58,19,11.02
2020-05-07,70,19,13.3
2020-05-08,77,19,14.63
2020-05-09,63,19,11.97
2020-05-10,84,19,15.96
2020-05-11,100,19,19
2020-05-12,77,19,14.63
2020-05-13,68,19,12.92
2020-05-14,68,19,12.92
2020-05-15,55,19,10.45
2020-05-16,52,19,9.88
2020-05-17,53,19,10.07
2020-05-18,56,19,10.64
2020-05-19,54,19,10.26
2020-05-20,50,19,9.5
2020-05-21,52,19,9.88
2020-05-22,46,19,8.74
2020-05-23,46,19,8.74
2020-05-24,45,19,8.55
2020-05-25,49,19,9.31
2020-05-26,43,19,8.17
2020-05-27,47,19,8.93
2020-05-28,46,19,8.74
2020-05-29,44,19,8.36
2020-05-30,41,19,7.79
2020-05-31,44,19,8.36
2020-06-01,74,13,9.62
2020-06-02,100,13,13
2020-06-03,84,13,10.92
2020-06-04,79,13,10.27
2020-06-05,80,13,10.4
2020-06-06,68,13,8.84
2020-06-07,74,13,9.62
2020-06-08,68,13,8.84
2020-06-09,70,13,9.1
2020-06-10,75,13,9.75
2020-06-11,77,13,10.01
2020-06-12,74,13,9.62
2020-06-13,68,13,8.84
2020-06-14,62,13,8.06
2020-06-15,76,13,9.88
2020-06-16,73,13,9.49
2020-06-17,72,13,9.36
2020-06-18,68,13,8.84
2020-06-19,61,13,7.93
2020-06-20,59,13,7.67
2020-06-21,58,13,7.54
2020-06-22,67,13,8.71
2020-06-23,65,13,8.45
2020-06-24,67,13,8.71
2020-06-25,64,13,8.32
2020-06-26,63,13,8.19
2020-06-27,65,13,8.45
2020-06-28,66,13,8.58
2020-06-29,63,13,8.19
2020-06-30,64,13,8.32
2020-07-01,51,14,7.14
2020-07-02,54,14,7.56
2020-07-03,47,14,6.58
2020-07-04,50,14,7
2020-07-05,47,14,6.58
2020-07-06,46,14,6.44
2020-07-07,52,14,7.28
2020-07-08,53,14,7.42
2020-07-09,51,14,7.14
2020-07-10,51,14,7.14
2020-07-11,42,14,5.88
2020-07-12,47,14,6.58
2020-07-13,51,14,7.14
2020-07-14,48,14,6.72
2020-07-15,57,14,7.98
2020-07-16,69,14,9.66
2020-07-17,52,14,7.28
2020-07-18,70,14,9.8
2020-07-19,51,14,7.14
2020-07-20,44,14,6.16
2020-07-21,49,14,6.86
2020-07-22,52,14,7.28
2020-07-23,57,14,7.98
2020-07-24,54,14,7.56
2020-07-25,56,14,7.84
2020-07-26,62,14,8.68
2020-07-27,94,14,13.16
2020-07-28,100,14,14
2020-07-29,82,14,11.48
2020-07-30,71,14,9.94
2020-07-31,75,14,10.5
2020-08-01,94,16,15.04
2020-08-02,100,16,16
2020-08-03,87,16,13.92
2020-08-04,82,16,13.12
2020-08-05,82,16,13.12
2020-08-06,86,16,13.76
2020-08-07,89,16,14.24
2020-08-08,75,16,12
2020-08-09,75,16,12
2020-08-10,82,16,13.12
2020-08-11,86,16,13.76
2020-08-12,73,16,11.68
2020-08-13,74,16,11.84
2020-08-14,80,16,12.8
2020-08-15,72,16,11.52
2020-08-16,70,16,11.2
2020-08-17,86,16,13.76
2020-08-18,80,16,12.8
2020-08-19,77,16,12.32
2020-08-20,69,16,11.04
2020-08-21,70,16,11.2
2020-08-22,68,16,10.88
2020-08-23,61,16,9.76
2020-08-24,63,16,10.08
2020-08-25,65,16,10.4
2020-08-26,63,16,10.08
2020-08-27,65,16,10.4
2020-08-28,61,16,9.76
2020-08-29,58,16,9.28
2020-08-30,55,16,8.8
2020-08-31,64,16,10.24
2020-09-01,76,13,9.88
2020-09-02,87,13,11.31
2020-09-03,87,13,11.31
2020-09-04,100,13,13
2020-09-05,80,13,10.4
2020-09-06,76,13,9.88
2020-09-07,78,13,10.14
2020-09-08,80,13,10.4
2020-09-09,78,13,10.14
2020-09-10,73,13,9.49
2020-09-11,73,13,9.49
2020-09-12,64,13,8.32
2020-09-13,71,13,9.23
2020-09-14,68,13,8.84
2020-09-15,74,13,9.62
2020-09-16,73,13,9.49
2020-09-17,73,13,9.49
2020-09-18,70,13,9.1
2020-09-19,60,13,7.8
2020-09-20,64,13,8.32
2020-09-21,73,13,9.49
2020-09-22,69,13,8.97
2020-09-23,67,13,8.71
2020-09-24,66,13,8.58
2020-09-25,60,13,7.8
2020-09-26,59,13,7.67
2020-09-27,58,13,7.54
2020-09-28,63,13,8.19
2020-09-29,63,13,8.19
2020-09-30,60,13,7.8
2020-10-01,51,13,6.63
2020-10-02,54,13,7.02
2020-10-03,47,13,6.11
2020-10-04,45,13,5.85
2020-10-05,51,13,6.63
2020-10-06,51,13,6.63
2020-10-07,48,13,6.24
2020-10-08,54,13,7.02
2020-10-09,57,13,7.41
2020-10-10,56,13,7.28
2020-10-11,56,13,7.28
2020-10-12,60,13,7.8
2020-10-13,58,13,7.54
2020-10-14,57,13,7.41
2020-10-15,55,13,7.15
2020-10-16,53,13,6.89
2020-10-17,47,13,6.11
2020-10-18,49,13,6.37
2020-10-19,60,13,7.8
2020-10-20,67,13,8.71
2020-10-21,99,13,12.87
2020-10-22,100,13,13
2020-10-23,86,13,11.18
2020-10-24,72,13,9.36
2020-10-25,75,13,9.75
2020-10-26,76,13,9.88
2020-10-27,87,13,11.31
2020-10-28,91,13,11.83
2020-10-29,78,13,10.14
2020-10-30,73,13,9.49
2020-10-31,78,13,10.14
2020-11-01,42,24,10.08
2020-11-02,42,24,10.08
2020-11-03,41,24,9.84
2020-11-04,40,24,9.6
2020-11-05,58,24,13.92
2020-11-06,66,24,15.84
2020-11-07,53,24,12.72
2020-11-08,47,24,11.28
2020-11-09,56,24,13.44
2020-11-10,46,24,11.04
2020-11-11,48,24,11.52
2020-11-12,53,24,12.72
2020-11-13,55,24,13.2
2020-11-14,50,24,12
2020-11-15,42,24,10.08
2020-11-16,56,24,13.44
2020-11-17,78,24,18.72
2020-11-18,92,24,22.08
2020-11-19,71,24,17.04
2020-11-20,79,24,18.96
2020-11-21,73,24,17.52
2020-11-22,69,24,16.56
2020-11-23,72,24,17.28
2020-11-24,97,24,23.28
2020-11-25,89,24,21.36
2020-11-26,100,24,24
2020-11-27,71,24,17.04
2020-11-28,63,24,15.12
2020-11-29,61,24,14.64
2020-11-30,84,24,20.16
2020-12-01,56,31,17.36
2020-12-02,43,31,13.33
2020-12-03,43,31,13.33
2020-12-04,40,31,12.4
2020-12-05,37,31,11.47
2020-12-06,34,31,10.54
2020-12-07,39,31,12.09
2020-12-08,39,31,12.09
2020-12-09,38,31,11.78
2020-12-10,32,31,9.92
2020-12-11,35,31,10.85
2020-12-12,31,31,9.61
2020-12-13,34,31,10.54
2020-12-14,36,31,11.16
2020-12-15,33,31,10.23
2020-12-16,62,31,19.22
2020-12-17,100,31,31
2020-12-18,70,31,21.7
2020-12-19,61,31,18.91
2020-12-20,60,31,18.6
2020-12-21,65,31,20.15
2020-12-22,57,31,17.67
2020-12-23,53,31,16.43
2020-12-24,47,31,14.57
2020-12-25,55,31,17.05
2020-12-26,74,31,22.94
2020-12-27,96,31,29.76
2020-12-28,80,31,24.8
2020-12-29,71,31,22.01
2020-12-30,81,31,25.11
2020-12-31,83,31,25.73
2021-01-01,40,64,25.6
2021-01-02,67,64,42.88
2021-01-03,78,64,49.92
2021-01-04,69,64,44.16
2021-01-05,56,64,35.84
2021-01-06,65,64,41.6
2021-01-07,94,64,60.16
2021-01-08,90,64,57.6
2021-01-09,70,64,44.8
2021-01-10,69,64,44.16
2021-01-11,100,64,64
2021-01-12,77,64,49.28
2021-01-13,67,64,42.88
2021-01-14,70,64,44.8
2021-01-15,61,64,39.04
2021-01-16,49,64,31.36
2021-01-17,46,64,29.44
2021-01-18,46,64,29.44
2021-01-19,42,64,26.88
2021-01-20,41,64,26.24
2021-01-21,50,64,32
2021-01-22,55,64,35.2
2021-01-23,41,64,26.24
2021-01-24,37,64,23.68
2021-01-25,39,64,24.96
2021-01-26,36,64,23.04
2021-01-27,40,64,25.6
2021-01-28,42,64,26.88
2021-01-29,67,64,42.88
2021-01-30,47,64,30.08
2021-01-31,39,64,24.96
2021-02-01,41,67,27.47
2021-02-02,37,67,24.79
2021-02-03,40,67,26.8
2021-02-04,40,67,26.8
2021-02-05,38,67,25.46
2021-02-06,42,67,28.14
2021-02-07,39,67,26.13
2021-02-08,84,67,56.28
2021-02-09,100,67,67
2021-02-10,66,67,44.22
2021-02-11,63,67,42.21
2021-02-12,58,67,38.86
2021-02-13,50,67,33.5
2021-02-14,56,67,37.52
2021-02-15,56,67,37.52
2021-02-16,64,67,42.88
2021-02-17,70,67,46.9
2021-02-18,65,67,43.55
2021-02-19,70,67,46.9
2021-02-20,79,67,52.93
2021-02-21,71,67,47.57
2021-02-22,77,67,51.59
2021-02-23,94,67,62.98
2021-02-24,72,67,48.24
2021-02-25,61,67,40.87
2021-02-26,62,67,41.54
2021-02-27,50,67,33.5
2021-02-28,54,67,36.18
2021-03-01,98,49,48.02
2021-03-02,86,49,42.14
2021-03-03,85,49,41.65
2021-03-04,81,49,39.69
2021-03-05,77,49,37.73
2021-03-06,66,49,32.34
2021-03-07,72,49,35.28
2021-03-08,75,49,36.75
2021-03-09,84,49,41.16
2021-03-10,88,49,43.12
2021-03-11,81,49,39.69
2021-03-12,81,49,39.69
2021-03-13,98,49,48.02
2021-03-14,100,49,49
2021-03-15,90,49,44.1
2021-03-16,84,49,41.16
2021-03-17,82,49,40.18
2021-03-18,82,49,40.18
2021-03-19,73,49,35.77
2021-03-20,67,49,32.83
2021-03-21,68,49,33.32
2021-03-22,71,49,34.79
2021-03-23,72,49,35.28
2021-03-24,82,49,40.18
2021-03-25,87,49,42.63
2021-03-26,74,49,36.26
2021-03-27,67,49,32.83
2021-03-28,64,49,31.36
2021-03-29,71,49,34.79
2021-03-30,75,49,36.75
2021-03-31,74,49,36.26
2021-04-01,59,51,30.09
2021-04-02,52,51,26.52
2021-04-03,49,51,24.99
2021-04-04,46,51,23.46
2021-04-05,50,51,25.5
2021-04-06,49,51,24.99
2021-04-07,49,51,24.99
2021-04-08,47,51,23.97
2021-04-09,43,51,21.93
2021-04-10,50,51,25.5
2021-04-11,46,51,23.46
2021-04-12,49,51,24.99
2021-04-13,66,51,33.66
2021-04-14,74,51,37.74
2021-04-15,63,51,32.13
2021-04-16,68,51,34.68
2021-04-17,58,51,29.58
2021-04-18,93,51,47.43
2021-04-19,80,51,40.8
2021-04-20,71,51,36.21
2021-04-21,58,51,29.58
2021-04-22,66,51,33.66
2021-04-23,100,51,51
2021-04-24,74,51,37.74
2021-04-25,65,51,33.15
2021-04-26,67,51,34.17
2021-04-27,63,51,32.13
2021-04-28,57,51,29.07
2021-04-29,50,51,25.5
2021-04-30,51,51,26.01
2021-05-01,29,65,18.85
2021-05-02,25,65,16.25
2021-05-03,28,65,18.2
2021-05-04,32,65,20.8
2021-05-05,30,65,19.5
2021-05-06,29,65,18.85
2021-05-07,27,65,17.55
2021-05-08,28,65,18.2
2021-05-09,30,65,19.5
2021-05-10,30,65,19.5
2021-05-11,29,65,18.85
2021-05-12,31,65,20.15
2021-05-13,72,65,46.8
2021-05-14,46,65,29.9
2021-05-15,35,65,22.75
2021-05-16,40,65,26
2021-05-17,53,65,34.45
2021-05-18,42,65,27.3
2021-05-19,100,65,65
2021-05-20,78,65,50.7
2021-05-21,62,65,40.3
2021-05-22,53,65,34.45
2021-05-23,62,65,40.3
2021-05-24,61,65,39.65
2021-05-25,46,65,29.9
2021-05-26,42,65,27.3
2021-05-27,38,65,24.7
2021-05-28,38,65,24.7
2021-05-29,36,65,23.4
2021-05-30,35,65,22.75
2021-05-31,33,65,21.45
2021-06-01,73,47,34.31
2021-06-02,73,47,34.31
2021-06-03,71,47,33.37
2021-06-04,79,47,37.13
2021-06-05,69,47,32.43
2021-06-06,74,47,34.78
2021-06-07,70,47,32.9
2021-06-08,93,47,43.71
2021-06-09,88,47,41.36
2021-06-10,79,47,37.13
2021-06-11,64,47,30.08
2021-06-12,57,47,26.79
2021-06-13,58,47,27.26
2021-06-14,74,47,34.78
2021-06-15,61,47,28.67
2021-06-16,57,47,26.79
2021-06-17,54,47,25.38
2021-06-18,55,47,25.85
2021-06-19,47,47,22.09
2021-06-20,52,47,24.44
2021-06-21,77,47,36.19
2021-06-22,100,47,47
2021-06-23,74,47,34.78
2021-06-24,63,47,29.61
2021-06-25,63,47,29.61
2021-06-26,57,47,26.79
2021-06-27,56,47,26.32
2021-06-28,59,47,27.73
2021-06-29,58,47,27.26
2021-06-30,52,47,24.44
2021-07-01,66,31,20.46
2021-07-02,62,31,19.22
2021-07-03,62,31,19.22
2021-07-04,60,31,18.6
2021-07-05,62,31,19.22
2021-07-06,61,31,18.91
2021-07-07,57,31,17.67
2021-07-08,62,31,19.22
2021-07-09,61,31,18.91
2021-07-10,52,31,16.12
2021-07-11,50,31,15.5
2021-07-12,56,31,17.36
2021-07-13,57,31,17.67
2021-07-14,57,31,17.67
2021-07-15,56,31,17.36
2021-07-16,60,31,18.6
2021-07-17,55,31,17.05
2021-07-18,53,31,16.43
2021-07-19,63,31,19.53
2021-07-20,76,31,23.56
2021-07-21,76,31,23.56
2021-07-22,65,31,20.15
2021-07-23,58,31,17.98
2021-07-24,58,31,17.98
2021-07-25,61,31,18.91
2021-07-26,100,31,31
2021-07-27,78,31,24.18
2021-07-28,76,31,23.56
2021-07-29,67,31,20.77
2021-07-30,61,31,18.91
2021-07-31,65,31,20.15
2021-08-01,82,33,27.06
2021-08-02,78,33,25.74
2021-08-03,75,33,24.75
2021-08-04,75,33,24.75
2021-08-05,73,33,24.09
2021-08-06,83,33,27.39
2021-08-07,87,33,28.71
2021-08-08,88,33,29.04
2021-08-09,100,33,33
2021-08-10,93,33,30.69
2021-08-11,99,33,32.67
2021-08-12,91,33,30.03
2021-08-13,88,33,29.04
2021-08-14,82,33,27.06
2021-08-15,80,33,26.4
2021-08-16,86,33,28.38
2021-08-17,78,33,25.74
2021-08-18,78,33,25.74
2021-08-19,75,33,24.75
2021-08-20,85,33,28.05
2021-08-21,82,33,27.06
2021-08-22,78,33,25.74
2021-08-23,98,33,32.34
2021-08-24,90,33,29.7
2021-08-25,82,33,27.06
2021-08-26,81,33,26.73
2021-08-27,74,33,24.42
2021-08-28,67,33,22.11
2021-08-29,67,33,22.11
2021-08-30,70,33,23.1
2021-08-31,71,33,23.43
2021-09-01,53,31,16.43
2021-09-02,58,31,17.98
2021-09-03,56,31,17.36
2021-09-04,51,31,15.81
2021-09-05,52,31,16.12
2021-09-06,62,31,19.22
2021-09-07,100,31,31
2021-09-08,96,31,29.76
2021-09-09,70,31,21.7
2021-09-10,61,31,18.91
2021-09-11,56,31,17.36
2021-09-12,56,31,17.36
2021-09-13,60,31,18.6
2021-09-14,55,31,17.05
2021-09-15,57,31,17.67
2021-09-16,53,31,16.43
2021-09-17,51,31,15.81
2021-09-18,48,31,14.88
2021-09-19,48,31,14.88
2021-09-20,70,31,21.7
2021-09-21,73,31,22.63
2021-09-22,64,31,19.84
2021-09-23,60,31,18.6
2021-09-24,79,31,24.49
2021-09-25,61,31,18.91
2021-09-26,53,31,16.43
2021-09-27,57,31,17.67
2021-09-28,53,31,16.43
2021-09-29,53,31,16.43
2021-09-30,52,31,16.12
2021-10-01,58,34,19.72
2021-10-02,51,34,17.34
2021-10-03,47,34,15.98
2021-10-04,55,34,18.7
2021-10-05,56,34,19.04
2021-10-06,71,34,24.14
2021-10-07,61,34,20.74
2021-10-08,56,34,19.04
2021-10-09,50,34,17
2021-10-10,48,34,16.32
2021-10-11,63,34,21.42
2021-10-12,58,34,19.72
2021-10-13,52,34,17.68
2021-10-14,58,34,19.72
2021-10-15,82,34,27.88
2021-10-16,67,34,22.78
2021-10-17,58,34,19.72
2021-10-18,68,34,23.12
2021-10-19,78,34,26.52
2021-10-20,100,34,34
2021-10-21,90,34,30.6
2021-10-22,76,34,25.84
2021-10-23,60,34,20.4
2021-10-24,55,34,18.7
2021-10-25,63,34,21.42
2021-10-26,66,34,22.44
2021-10-27,70,34,23.8
2021-10-28,65,34,22.1
2021-10-29,57,34,19.38
2021-10-30,50,34,17
2021-10-31,49,34,16.66
2021-11-01,71,31,22.01
2021-11-02,75,31,23.25
2021-11-03,71,31,22.01
2021-11-04,72,31,22.32
2021-11-05,66,31,20.46
2021-11-06,60,31,18.6
2021-11-07,62,31,19.22
2021-11-08,87,31,26.97
2021-11-09,100,31,31
2021-11-10,91,31,28.21
2021-11-11,78,31,24.18
2021-11-12,79,31,24.49
2021-11-13,72,31,22.32
2021-11-14,71,31,22.01
2021-11-15,73,31,22.63
2021-11-16,94,31,29.14
2021-11-17,85,31,26.35
2021-11-18,89,31,27.59
2021-11-19,86,31,26.66
2021-11-20,71,31,22.01
2021-11-21,65,31,20.15
2021-11-22,73,31,22.63
2021-11-23,84,31,26.04
2021-11-24,80,31,24.8
2021-11-25,71,31,22.01
2021-11-26,92,31,28.52
2021-11-27,74,31,22.94
2021-11-28,72,31,22.32
2021-11-29,75,31,23.25
2021-11-30,77,31,23.87
2021-12-01,45,31,13.95
2021-12-02,41,31,12.71
2021-12-03,44,31,13.64
2021-12-04,100,31,31
2021-12-05,68,31,21.08
2021-12-06,67,31,20.77
2021-12-07,59,31,18.29
2021-12-08,52,31,16.12
2021-12-09,50,31,15.5
2021-12-10,51,31,15.81
2021-12-11,44,31,13.64
2021-12-12,44,31,13.64
2021-12-13,51,31,15.81
2021-12-14,55,31,17.05
2021-12-15,54,31,16.74
2021-12-16,48,31,14.88
2021-12-17,47,31,14.57
2021-12-18,44,31,13.64
2021-12-19,39,31,12.09
2021-12-20,48,31,14.88
2021-12-21,46,31,14.26
2021-12-22,44,31,13.64
2021-12-23,44,31,13.64
2021-12-24,46,31,14.26
2021-12-25,40,31,12.4
2021-12-26,41,31,12.71
2021-12-27,43,31,13.33
2021-12-28,46,31,14.26
2021-12-29,44,31,13.64
2021-12-30,45,31,13.95
2021-12-31,39,31,12.09
